{
    "1":{
        "energy":0.6924500897,
        "gamma":[
            0.3077398043
        ],
        "beta":[
            0.3926990318
        ]
    },
    "2":{
        "energy":0.7559064585,
        "gamma":[
            0.2439174604,
            0.4489191938
        ],
        "beta":[
            0.5549038678,
            0.2923804434
        ]
    },
    "3":{
        "energy":0.7923984288,
        "gamma":[
            0.2109308157,
            0.3992015879,
            0.4684902543
        ],
        "beta":[
            0.6089507134,
            0.4595673092,
            0.2356691112
        ]
    },
    "4":{
        "energy":0.8168765649,
        "gamma":[
            0.2043755192,
            0.3902843845,
            0.4940180058,
            0.5784543286
        ],
        "beta":[
            0.5995603465,
            0.4343422978,
            0.2967580418,
            0.1590355332
        ]
    },
    "5":{
        "energy":0.8363808251,
        "gamma":[
            0.179617575,
            0.3530437595,
            0.4110469303,
            0.5020988199,
            0.5769666452
        ],
        "beta":[
            0.6316684074,
            0.5225311338,
            0.3901432231,
            0.2759967255,
            0.1492971536
        ]
    },
    "6":{
        "energy":0.8498971346,
        "gamma":[
            0.1656861103,
            0.3227909927,
            0.365829323,
            0.4184807303,
            0.5050970486,
            0.5636156946
        ],
        "beta":[
            0.6358946646,
            0.5344387057,
            0.4633421184,
            0.3600018021,
            0.2585908562,
            0.1388455514
        ]
    },
    "7":{
        "energy":0.8597842271,
        "gamma":[
            0.15483909,
            0.3083923225,
            0.3441009753,
            0.3749991403,
            0.4286925535,
            0.5105925358,
            0.5628840415
        ],
        "beta":[
            0.647593584,
            0.5530667382,
            0.4892746741,
            0.4447400047,
            0.3407348645,
            0.244340977,
            0.1312217137
        ]
    },
    "8":{
        "energy":0.867392581,
        "gamma":[
            0.1464973339,
            0.293098703,
            0.327600029,
            0.3540416402,
            0.3821981633,
            0.4325314077,
            0.5135453948,
            0.5582596901
        ],
        "beta":[
            0.6492510896,
            0.5555692843,
            0.5012071149,
            0.4690154235,
            0.4201848424,
            0.3194504259,
            0.2309112862,
            0.1228377524
        ]
    },
    "9":{
        "energy":0.8734742127,
        "gamma":[
            0.1396997826,
            0.2830611251,
            0.3156057444,
            0.3396592973,
            0.3631151164,
            0.3840274151,
            0.437261902,
            0.5187425512,
            0.558992075
        ],
        "beta":[
            0.6544609091,
            0.5618531655,
            0.508998252,
            0.4867631968,
            0.4514306585,
            0.4032026752,
            0.3047259713,
            0.2198374124,
            0.1171836578
        ]
    },
    "10":{
        "energy":0.8784133349,
        "gamma":[
            0.1338261294,
            0.2728811317,
            0.3050146099,
            0.3280143175,
            0.3477475331,
            0.3642125515,
            0.3866371603,
            0.4405642056,
            0.5215859872,
            0.557812899
        ],
        "beta":[
            0.6558252926,
            0.5630231259,
            0.5133763721,
            0.4950862685,
            0.4682890465,
            0.4349398215,
            0.3874339446,
            0.2904127687,
            0.2099719322,
            0.111919352
        ]
    },
    "11":{
        "energy":0.8825105745,
        "gamma":[
            0.1288613912,
            0.2651526419,
            0.2965679884,
            0.3189378772,
            0.3367267796,
            0.3487897245,
            0.3672876931,
            0.3883864714,
            0.4432329761,
            0.5247303627,
            0.5579826674
        ],
        "beta":[
            0.6586906823,
            0.5657126416,
            0.5166656057,
            0.5021848693,
            0.4793797993,
            0.455098983,
            0.4232171435,
            0.3748400972,
            0.2795015536,
            0.2020190331,
            0.1083407393
        ]
    },
    "12":{
        "energy":0.8859437036,
        "gamma":[
            0.1244115911,
            0.2575393987,
            0.2889862566,
            0.3111345937,
            0.3273480282,
            0.3372755202,
            0.3510995454,
            0.3682917689,
            0.3897209355,
            0.445483826,
            0.5266306333,
            0.5569483906
        ],
        "beta":[
            0.6595838069,
            0.5661619591,
            0.5185897669,
            0.5057070422,
            0.4860445372,
            0.4669281215,
            0.4437432791,
            0.4110041249,
            0.3632491889,
            0.2693881513,
            0.1949297765,
            0.1049813825
        ]
    },
    "13":{
        "energy":0.8888714294,
        "gamma":[
            0.1206306684,
            0.2514524056,
            0.2826508043,
            0.3048329435,
            0.3201249474,
            0.3283470893,
            0.3398506432,
            0.3517180785,
            0.369835115,
            0.3913665039,
            0.4475491495,
            0.5287462135,
            0.5563195465
        ],
        "beta":[
            0.6613707313,
            0.5674246493,
            0.5201601593,
            0.5089925268,
            0.4906727066,
            0.475348727,
            0.4574332126,
            0.4332682729,
            0.4015312381,
            0.3535041222,
            0.260891438,
            0.1889369355,
            0.1023724503
        ]
    },
    "14":{
        "energy":0.8913849922,
        "gamma":[
            0.1171312297,
            0.2454998508,
            0.2768849824,
            0.2991551677,
            0.3137921425,
            0.3211106344,
            0.3306940226,
            0.3398318257,
            0.3525899278,
            0.3710925333,
            0.3925798375,
            0.449376451,
            0.5301766617,
            0.5550889873
        ],
        "beta":[
            0.6619950923,
            0.5675821045,
            0.5210757293,
            0.5106597338,
            0.4936605208,
            0.4803712448,
            0.4659585852,
            0.4474512032,
            0.4243667751,
            0.392082784,
            0.3442286575,
            0.2529887255,
            0.1835178848,
            0.0997968056
        ]
    },
    "15":{
        "energy":0.8935745865,
        "gamma":[
            0.1141569347,
            0.2405604013,
            0.2718964771,
            0.2943817166,
            0.3085310065,
            0.3152006916,
            0.3237133713,
            0.3306424121,
            0.3406980732,
            0.353427426,
            0.3723352609,
            0.3941027366,
            0.4512244664,
            0.5317728038,
            0.5542263663
        ],
        "beta":[
            0.6631707538,
            0.5681548366,
            0.5218538714,
            0.5122564483,
            0.4958096107,
            0.4843189235,
            0.4717884938,
            0.4569866923,
            0.4397716221,
            0.4158721672,
            0.3839581254,
            0.3361647684,
            0.2460781365,
            0.1787953073,
            0.0976117448
        ]
    },
    "16":{
        "energy":0.8954909427,