{
    "0":{
        "d":3,
        "p":1,
        "gamma":[
            1.2310672582
        ],
        "beta":[
            0.3926720292
        ],
        "AR":0.6924500474
    },
    "1":{
        "d":3,
        "p":2,
        "gamma":[
            0.9754194654,
            1.7959753912
        ],
        "beta":[
            0.5550603401,
            0.2925078148
        ],
        "AR":0.7559062918
    },
    "2":{
        "d":3,
        "p":3,
        "gamma":[
            0.8441681638,
            1.5968255081,
            1.8741775931
        ],
        "beta":[
            0.60875726,
            0.459275309,
            0.2353956226
        ],
        "AR":0.7923980073
    },
    "3":{
        "d":3,
        "p":4,
        "gamma":[
            0.8175276903,
            1.5611699285,
            1.9754562406,
            2.3126273509
        ],
        "beta":[
            0.5995654665,
            0.4344182508,
            0.2969500149,
            0.1590668373
        ],
        "AR":0.8168758698
    },
    "4":{
        "d":3,
        "p":5,
        "gamma":[
            0.7191788139,
            1.4131452052,
            1.6451130953,
            2.0095097897,
            2.3085491637
        ],
        "beta":[
            0.6318520294,
            0.5226524412,
            0.389742061,
            0.2754121639,
            0.1491700496
        ],
        "AR":0.8363791265
    },
    "5":{
        "d":3,
        "p":6,
        "gamma":[
            0.6620836196,
            1.2900620122,
            1.4615538324,
            1.6731662893,
            2.0183270809,
            2.2522007465
        ],
        "beta":[
            0.6355589295,
            0.5339629402,
            0.4631092335,
            0.3602554466,
            0.2591523255,
            0.1390257361
        ],
        "AR":0.8498936745
    },
    "6":{
        "d":3,
        "p":7,
        "gamma":[
            0.6201795924,
            1.236437638,
            1.3804957036,
            1.5024441557,
            1.7181705095,
            2.0407800581,
            2.2441325014
        ],
        "beta":[
            0.6481402507,
            0.5539249778,
            0.4898833957,
            0.4450177185,
            0.3405836917,
            0.2438269283,
            0.1306345706
        ],
        "AR":0.8597933411
    },
    "7":{
        "d":3,
        "p":8,
        "gamma":[
            0.589211568,
            1.1735711128,
            1.3088202677,
            1.4158571663,
            1.5291484096,
            1.7285004831,
            2.0513313258,
            2.232574467
        ],
        "beta":[
            0.649160465,
            0.5546799489,
            0.5003222458,
            0.4686938846,
            0.4196089491,
            0.3189171317,
            0.2313237899,
            0.1229039228
        ],
        "AR":0.8674066483
    },
    "8":{
        "d":3,
        "p":9,
        "gamma":[
            0.558802385,
            1.1322664899,
            1.2624451836,
            1.3586650379,
            1.4524813012,
            1.5361128384,
            1.7490440101,
            2.0749418428,
            2.2359733003
        ],
        "beta":[
            0.6544738692,
            0.5618639663,
            0.5090114025,
            0.4867762873,
            0.4514350923,
            0.4032110823,
            0.304730321,
            0.2198329631,
            0.1171817427
        ],
        "AR":0.873521564
    },
    "9":{
        "d":3,
        "p":10,
        "gamma":[
            0.5334327348,
            1.0896453962,
            1.2199620491,
            1.3125201703,
            1.3914167145,
            1.457514795,
            1.547755164,
            1.7642227796,
            2.0876020155,
            2.2305184485
        ],
        "beta":[
            0.6555835372,
            0.5631814865,
            0.5138881653,
            0.4955842168,
            0.4688948672,
            0.4357432799,
            0.3884706701,
            0.2911761897,
            0.2105090454,
            0.1123879449
        ],
        "AR":0.8785275447
    },
    "10":{
        "d":3,
        "p":11,
        "gamma":[
            0.5145748026,
            1.0560811449,
            1.1835419089,
            1.2793829828,
            1.3544112276,
            1.4041229069,
            1.4740485136,
            1.5506149947,
            1.7671174609,
            2.0939405109,
            2.2304754329
        ],
        "beta":[
            0.656438795,
            0.5633471282,
            0.5163014281,
            0.5036682504,
            0.4818229959,
            0.456012558,
            0.4214346264,
            0.3707732713,
            0.2764501743,
            0.2009469805,
            0.1072507016
        ],
        "AR":0.8828425408
    },
    "11":{
        "d":4,
        "p":1,
        "gamma":[
            1.0469602242
        ],
        "beta":[
            0.3927575513
        ],
        "AR":0.6623797244
    },
    "12":{
        "d":4,
        "p":2,
        "gamma":[
            0.8162424866,
            1.4796039263
        ],
        "beta":[
            0.5343441634,
            0.2830366021
        ],
        "AR":0.7160913881
    },
    "13":{
        "d":4,
        "p":3,
        "gamma":[
            0.7090069913,
            1.3027540004,
            1.5085400017
        ],
        "beta":[
            0.5879466969,
            0.4231775201,
            0.22301356
        ],
        "AR":0.7485649901
    },
    "14":{
        "d":4,
        "p":4,
        "gamma":[
            0.6300124489,
            1.1751017901,
            1.3464480828,
            1.5424099406
        ],
        "beta":[
            0.6049882912,
            0.4777982183,
            0.3612667299,
            0.1875189095
        ],
        "AR":0.7690249856
    },
    "15":{
        "d":4,
        "p":5,
        "gamma":[
            0.5818201401,
            1.0935464758,
            1.2066601329,
            1.3743861289,
            1.5689389408
        ],
        "beta":[
            0.62253582,
            0.5050671398,
            0.4167120205,
            0.325333522,
            0.1627950417
        ],
        "AR":0.7841319844
    },
    "16":{
        "d":5,
        "p":1,
        "gamma":[
            0.9272900272
        ],
        "beta":[
            0.3927087075
        ],
        "AR":0.6431084006
    },
    "17":{
        "d":5,
        "p":2,
        "gamma":[
            0.7173204313,
            1.2897420609
        ],
        "beta":[
            0.5241108355,
            0.2787934614
        ],
        "AR":0.6907090466
    },
    "18":{
        "d":5,
        "p":3,
        "gamma":[
            0.6232921297,
            1.1270276834,
            1.2954205482
        ],
        "beta":[
            0.5783284846,
            0.4076195525,
            0.2189278513
        ],
        "AR":0.7199012006
    },
    "19":{
        "d":5,
        "p":4,
        "gamma":[
            0.5549145167,
            1.0194586261,
            1.154169822,
            1.3232777251
        ],
        "beta":[
            0.5972548606,
            0.4634691589,
            0.3451800436,
            0.1827751538
        ],
        "AR":0.7385560286
    },
    "20":{
        "d":6,
        "p":1,
        "gamma":[
            0.8410965322
        ],
        "beta":[
            0.392700849
        ],
        "AR":0.6294021457
    },
    "21":{
        "d":6,
        "p":2,
        "gamma":[
            0.6484238834,
            1.1595441527
        ],
        "beta":[
            0.518245926,
            0.2765609225
        ],
        "AR":0.6726441598
    },
    "22":{
        "d":6,
        "p":3,
        "gamma":[
            0.5628497528,
            1.0080635231,
            1.1536176803
        ],
        "beta":[
            0.5726472558,
            0.3989181635,
            0.2169419895
        ],
        "AR":0.6993213275
    },