{
  "description": "Best known energy (1-<Z^k>)/2 for Max-k-XOR-SAT on D-regular hypergraphs from various algorithms",
  "columns": ["Prange", "Simulated Annealing", "DQI+BP", "Regev+FGUM"],
  "data": {
    "3,4": [0.875, 0.9366, 0.87065, 0.89187],
    "3,5": [0.8, 0.9005, 0.81648, 0.83607],
    "3,6": [0.75, 0.8712, 0.77562, 0.78361],
    "3,7": [0.71428, 0.8492, 0.74727, 0.76024],
    "3,8": [0.6875, 0.8287, 0.72351, 0.72943],
    "4,5": [0.9, 0.9279, 0.8597, 0.92158],
    "4,6": [0.83333, 0.9024, 0.82062, 0.86144],
    "4,7": [0.78571, 0.8771, 0.78862, 0.82645],
    "4,8": [0.75, 0.8587, 0.76539, 0.79021],
    "5,6": [0.91667, 0.9190, 0.84305, 0.93123],
    "5,7": [0.85714, 0.8965, 0.81422, 0.88529],
    "5,8": [0.8125, 0.8740, 0.78752, 0.84403],
    "6,7": [0.92857, 0.9051, 0.82759, 0.94271],
    "6,8": [0.875, 0.8875, 0.80327, 0.89619],
    "7,8": [0.9375, 0.8951, 0.813, 0.94810]
  }
}
