{
  "k": 5,
  "D": 8,
  "convention": "e^{-ig Z^k}",
  "results": {
    "1": {
      "gammas": [
        -0.20440061257244563
      ],
      "betas": [
        0.20041636607922073
      ],
      "expectation": -0.27256103264857523,
      "objective": 0.6362805163242876,
      "num_evals": 9,
      "converged": true,
      "seed_source": "angles_Dinf(p=1,g/sqrt(8))"
    },
    "2": {
      "gammas": [
        -0.16047361510932567,
        -0.2411326807704783
      ],
      "betas": [
        0.22705076162476234,
        0.14855938905688496
      ],
      "expectation": -0.3748180491267677,
      "objective": 0.6874090245633838,
      "num_evals": 10,
      "converged": true,
      "seed_source": "output_file:results_k5_D8.json(p=1->extrap)"
    },
    "3": {
      "gammas": [
        -0.140174883627189,
        -0.21105293253353885,
        -0.23237209834653835
      ],
      "betas": [
        0.23089622138231944,
        0.18538815072779458,
        0.12554011423435968
      ],
      "expectation": -0.43796227027175505,
      "objective": 0.7189811351358775,
      "num_evals": 12,
      "converged": true,
      "seed_source": "output_file:results_k5_D8.json(p=1,2->scaled)"
    },
    "4": {
      "gammas": [
        -0.1282597360267058,
        -0.1930599687381851,
        -0.206960081187251,
        -0.22713837658784977
      ],
      "betas": [
        0.22847258927762987,
        0.191080872755408,
        0.17092170677640448,
        0.11032704942096141
      ],
      "expectation": -0.48133799287146434,
      "objective": 0.7406689964357321,
      "num_evals": 12,
      "converged": true,
      "seed_source": "output_file:results_k5_D8.json(p=2,3->scaled)"
    },
    "5": {
      "gammas": [
        -0.12011264198796323,
        -0.18220515130647807,
        -0.19066695154346364,
        -0.20252154625154603,
        -0.2234846519595097
      ],
      "betas": [
        0.22571391388291787,
        0.1904268343870965,
        0.17906923043850015,
        0.16177987934136104,
        0.09904557349212949
      ],
      "expectation": -0.5135877255001114,
      "objective": 0.7567938627500557,
      "num_evals": 13,
      "converged": true,
      "seed_source": "output_file:results_k5_D8.json(p=3,4->scaled)"
    },
    "6": {
      "gammas": [
        -0.11428167474701728,
        -0.17443879258468348,
        -0.18101383660662684,
        -0.18628340866357013,
        -0.19850016468054288,
        -0.2209731858281292
      ],
      "betas": [
        0.22304218396637027,
        0.18793249279377472,
        0.18024922302012095,
        0.1727339458572251,
        0.154349544516837,
        0.09012046447781331
      ],
      "expectation": -0.5386386807731431,
      "objective": 0.7693193403865716,
      "num_evals": 16,
      "converged": true,
      "seed_source": "output_file:results_k5_D8.json(p=4,5->scaled)"
    },
    "7": {
      "gammas": [
        -0.10984009899422237,
        -0.16848204767298405,
        -0.17427966384857502,
        -0.17697583506693806,
        -0.18164613398210977,
        -0.19540055021890476,
        -0.21920438975802556
      ],
      "betas": [
        0.22049096783627692,
        0.18516281210992494,
        0.17880454235511306,
        0.1758605462055858,
        0.16796939797423133,
        0.147683477411226,
        0.08287773086654038
      ],
      "expectation": -0.5587140411327228,
      "objective": 0.7793570205663614,
      "num_evals": 14,
      "converged": true,
      "seed_source": "output_file:results_k5_D8.json(p=5,6->scaled)"
    },
    "8": {
      "gammas": [
        -0.10631106816951723,
        -0.1637090614653634,
        -0.1691833141106473,
        -0.17062889877475573,
        -0.17236228155387523,
        -0.1778486733081313,
        -0.19325636641745314,
        -0.21804849209181337
      ],
      "betas": [
        0.21812125378860453,
        0.18243020358943043,
        0.17659507440636885,
        0.17563147660189501,
        0.17307266178782485,
        0.16375341298295015,
        0.14154446413491373,
        0.07679376082129569
      ],
      "expectation": -0.5751916736159489,
      "objective": 0.7875958368079745,
      "num_evals": 16,
      "converged": true,
      "seed_source": "output_file:results_k5_D8.json(p=6,7->scaled)"
    },
    "9": {
      "gammas": [
        -0.10345505299797338,
        -0.1597663192710519,
        -0.1651248399036419,
        -0.16590189790840723,
        -0.1660745742520332,
        -0.16834446685719937,
        -0.17488905028697332,
        -0.19178399358485318,
        -0.2173001037699663
      ],
      "betas": [
        0.2159536107959383,
        0.17986048797371584,
        0.17421587491846185,
        0.17413744985385343,
        0.17395151252668103,
        0.17070345393204298,
        0.1597313660192434,
        0.13581329676707465,
        0.07161725282489696
      ],
      "expectation": -0.5889734993349637,
      "objective": 0.7944867496674819,
      "num_evals": 18,
      "converged": true,
      "seed_source": "output_file:results_k5_D8.json(p=7,8->scaled)"
    },
    "10": {
      "gammas": [
        -0.10105872719031833,
        -0.15643919820688587,
        -0.16176401057333015,
        -0.16219084965187325,
        -0.16149644575135966,
        -0.16198658952196615,
        -0.16507007702896576,
        -0.17263313815512807,
        -0.19088741765524478,
        -0.2168671432746034
      ],
      "betas": [
        0.21398286329508348,
        0.17748416249861612,
        0.1718758287661404,
        0.1722105622552756,
        0.17321636437150675,
        0.17261018593468255,
        0.16838571069959254,
        0.15577868856584062,
        0.13043293296571182,
        0.06710980544720524
      ],
      "expectation": -0.6006805758784475,
      "objective": 0.8003402879392237,
      "num_evals": 20,
      "converged": true,
      "seed_source": "output_file:results_k5_D8.json(p=8,9->scaled)"
    },
    "11": {
      "gammas": [
        -0.09905297865007047,
        -0.15351882763017752,
        -0.15890985899020454,
        -0.15912832657506387,
        -0.15792187990971465,
        -0.15746377500167016,
        -0.15855087725710248,
        -0.1624467513871265,
        -0.1709753565336607,
        -0.19040769862597332,
        -0.21668302471640943
      ],
      "betas": [
        0.21214442201208875,
        0.17526807766452085,
        0.16967436010577897,
        0.17016319186717294,
        0.17178403391129235,
        0.17267239655432853,
        0.17125793702680173,
        0.16600174908989854,
        0.15188493402299905,
        0.12537514496938276,
        0.0631618930095278
      ],
      "expectation": -0.610754637256804,
      "objective": 0.805377318628402,
      "num_evals": 19,
      "converged": true,
      "seed_source": "output_file:results_k5_D8.json(p=9,10->scaled)"
    },
    "12": {
      "gammas": [
        -0.09725012764644853,
        -0.15082793529762448,
        -0.1562445613962321,
        -0.1563566370524214,
        -0.15488097730918254,
        -0.15383484643902204,
        -0.1537713722006651,
        -0.15546219641918388,
        -0.16017114800921814,
        -0.16955417031214226,
        -0.19013823606017968,
        -0.21655994154926486
      ],
      "betas": [
        0.21037877188687687,
        0.17306402297328274,
        0.16735620966331025,
        0.16792588973748893,
        0.16986876499904333,
        0.17148742825423158,
        0.171730529304829,
        0.16938716840298648,
        0.16308597350130066,
        0.14764889674160472,
        0.12024752914070849,
        0.05944289149713954
      ],
      "expectation": -0.6195169374555551,
      "objective": 0.8097584687277776,
      "num_evals": 10,
      "converged": true,
      "seed_source": "output_file:results_k5_D8.json(p=10,11->scaled)"
    },