{
  "k": 3,
  "D": 7,
  "convention": "e^{-ig Z^k}",
  "results": {
    "1": {
      "gammas": [
        -0.20386687743061052
      ],
      "betas": [
        0.28860227528700233
      ],
      "expectation": -0.2590387621338488,
      "objective": 0.6295193810669244,
      "num_evals": 10,
      "converged": true,
      "seed_source": "angles_Dinf(p=1,g/sqrt(7))"
    },
    "2": {
      "gammas": [
        -0.15564402111374376,
        -0.2586042876514067
      ],
      "betas": [
        0.354175588104029,
        0.2088250816697948
      ],
      "expectation": -0.3534507668842954,
      "objective": 0.6767253834421477,
      "num_evals": 12,
      "converged": true,
      "seed_source": "output_file:results_k3_D7.json(p=1->extrap)"
    },
    "3": {
      "gammas": [
        -0.133452565123117,
        -0.22283715386421124,
        -0.25448517593933667
      ],
      "betas": [
        0.3759791579612699,
        0.279745236777775,
        0.1713122470642485
      ],
      "expectation": -0.41180787836920996,
      "objective": 0.7059039391846049,
      "num_evals": 11,
      "converged": true,
      "seed_source": "output_file:results_k3_D7.json(p=1,2->scaled)"
    },
    "4": {
      "gammas": [
        -0.11974570287469281,
        -0.20156139695349568,
        -0.22437050004170753,
        -0.2534671487681408
      ],
      "betas": [
        0.3814578639361339,
        0.3025773461039738,
        0.24764244947028435,
        0.14691154682082866
      ],
      "expectation": -0.4514203174753046,
      "objective": 0.7257101587376523,
      "num_evals": 12,
      "converged": true,
      "seed_source": "output_file:results_k3_D7.json(p=2,3->scaled)"
    },
    "5": {
      "gammas": [
        -0.11027369819387646,
        -0.18830119606101647,
        -0.2041390167440916,
        -0.2245095797190545,
        -0.2529707123993658
      ],
      "betas": [
        0.3844594452222873,
        0.3107212336350323,
        0.27245641298972756,
        0.22728447099903534,
        0.12929367895790939
      ],
      "expectation": -0.48079489531075914,
      "objective": 0.7403974476553796,
      "num_evals": 13,
      "converged": true,
      "seed_source": "output_file:results_k3_D7.json(p=3,4->scaled)"
    },
    "6": {
      "gammas": [
        -0.10329565316142598,
        -0.17843536480538025,
        -0.1920257726758533,
        -0.20394127518481775,
        -0.2241253834380639,
        -0.2528927411841729
      ],
      "betas": [
        0.3854510155784556,
        0.31369779596895936,
        0.28295339633956385,
        0.2555650182346448,
        0.21128675358458796,
        0.11584476263023083
      ],
      "expectation": -0.5034918999447254,
      "objective": 0.7517459499723627,
      "num_evals": 14,
      "converged": true,
      "seed_source": "output_file:results_k3_D7.json(p=4,5->scaled)"
    },
    "7": {
      "gammas": [
        -0.09784220516079328,
        -0.17086026294178047,
        -0.18339089113428794,
        -0.1922258329529689,
        -0.20265228196454482,
        -0.2240505171522719,
        -0.25306675314566407
      ],
      "betas": [
        0.3854434231618691,
        0.31451394630547214,
        0.2872355312887177,
        0.26894713771148987,
        0.24247262520374982,
        0.1978197983862107,
        0.10524064834232338
      ],
      "expectation": -0.5216267272372718,
      "objective": 0.7608133636186358,
      "num_evals": 14,
      "converged": true,
      "seed_source": "output_file:results_k3_D7.json(p=5,6->scaled)"
    },
    "8": {
      "gammas": [
        -0.09348320433766746,
        -0.1647777640510697,
        -0.17677251923186937,
        -0.18411397782570504,
        -0.1909002590040467,
        -0.20146500181728036,
        -0.22439306467364295,
        -0.25348250590634713
      ],
      "betas": [
        0.3850133402830922,
        0.3140728810171494,
        0.2885813635206105,
        0.275139826690031,
        0.25833265405268896,
        0.23131047829766407,
        0.1860997048549973,
        0.09652589344012612
      ],
      "expectation": -0.5364932026291076,
      "objective": 0.7682466013145538,
      "num_evals": 13,
      "converged": true,
      "seed_source": "output_file:results_k3_D7.json(p=6,7->scaled)"
    },
    "9": {
      "gammas": [
        -0.08985093257142246,
        -0.15966869295710162,
        -0.17150567173152853,
        -0.1780587429141749,
        -0.18284999196127363,
        -0.18948894589950904,
        -0.20070737407264558,
        -0.22510463305010764,
        -0.2540830177087391
      ],
      "betas": [
        0.38418136196851915,
        0.31302388716630647,
        0.2885533449133757,
        0.27769753857208834,
        0.2663752367422834,
        0.24943247935351381,
        0.22137871889517405,
        0.17574619945495026,
        0.08922957996418956
      ],
      "expectation": -0.5489301030326458,
      "objective": 0.7744650515163229,
      "num_evals": 14,
      "converged": true,
      "seed_source": "output_file:results_k3_D7.json(p=7,8->scaled)"
    },
    "10": {
      "gammas": [
        -0.08678814104535405,
        -0.15532904950105075,
        -0.16712387675288748,
        -0.1732914373240109,
        -0.17695365182835188,
        -0.1812258076712586,
        -0.18842247975172083,
        -0.20034568646843903,
        -0.22605348137076972,
        -0.25476739410118654
      ],
      "betas": [
        0.3832628069335551,
        0.311638205314708,
        0.2877335609248433,
        0.27843160455136906,
        0.2701269072451319,
        0.2592850280674441,
        0.24138850111617266,
        0.21231129695516718,
        0.16650207050834054,
        0.08302320955952487
      ],
      "expectation": -0.5595043486803281,
      "objective": 0.7797521743401641,
      "num_evals": 14,
      "converged": true,
      "seed_source": "output_file:results_k3_D7.json(p=8,9->scaled)"
    },
    "11": {
      "gammas": [
        -0.08416984073438108,
        -0.151557983209471,
        -0.16338973249137248,
        -0.1693740631009943,
        -0.17239181955515548,
        -0.17533735423091412,
        -0.17981783164352752,
        -0.1877394467207537,
        -0.20033562676492786,
        -0.22716087263630289,
        -0.2555071594686435
      ],
      "betas": [
        0.3822077037392681,
        0.3101019286948307,
        0.28649311181371895,
        0.278119983240252,
        0.2717022161124161,
        0.2643703817022821,
        0.2529690880351034,
        0.23387527352352902,
        0.20399322545173335,
        0.1581996387426859,
        0.07770372866986221
      ],
      "expectation": -0.5686149913908685,
      "objective": 0.7843074956954342,
      "num_evals": 15,
      "converged": true,
      "seed_source": "output_file:results_k3_D7.json(p=9,10->scaled)"
    },
    "12": {
      "gammas": [
        -0.08190596878077236,
        -0.14826841214936592,
        -0.16015420857731566,
        -0.16607579754033636,
        -0.16869408922016868,
        -0.17083866658392774,
        -0.17378679810741576,
        -0.17868170253623614,
        -0.1874596850726278,
        -0.20061483637284813,
        -0.22838909878996932,
        -0.2563476102326895
      ],
      "betas": [
        0.38119446281332314,
        0.30847052655548063,
        0.28504357894310856,
        0.27722813644922584,
        0.2719587392346054,
        0.2668245493420817,
        0.259298536626832,
        0.24700750420500842,
        0.22673560604634546,
        0.19617941208973824,
        0.15063477518587418,
        0.0730346286886473
      ],
      "expectation": -0.5765538385470805,
      "objective": 0.7882769192735403,
      "num_evals": 15,
      "converged": true,
      "seed_source": "output_file:results_k3_D7.json(p=10,11->scaled)"
    },