{
  "k": 4,
  "D": 7,
  "convention": "e^{-ig Z^k}",
  "results": {
    "1": {
      "gammas": [
        -0.21219339223704853
      ],
      "betas": [
        0.2343671539247382
      ],
      "expectation": -0.27714069332903496,
      "objective": 0.6385703466645175,
      "num_evals": 9,
      "converged": true,
      "seed_source": "angles_Dinf(p=1,g/sqrt(7))"
    },
    "2": {
      "gammas": [
        -0.1641862400368698,
        -0.2586432376960235
      ],
      "betas": [
        0.2751660520937238,
        0.17221593042198546
      ],
      "expectation": -0.38033846972420354,
      "objective": 0.6901692348621018,
      "num_evals": 11,
      "converged": true,
      "seed_source": "output_file:results_k4_D7.json(p=1->extrap)"
    },
    "3": {
      "gammas": [
        -0.14193668985396296,
        -0.22451324571807466,
        -0.2523326948198969
      ],
      "betas": [
        0.284629859412821,
        0.2218641134315166,
        0.14411482551513954
      ],
      "expectation": -0.44406008297537225,
      "objective": 0.7220300414876861,
      "num_evals": 11,
      "converged": true,
      "seed_source": "output_file:results_k4_D7.json(p=1,2->scaled)"
    },
    "4": {
      "gammas": [
        -0.12869910715111627,
        -0.20413609508271155,
        -0.22343245737114806,
        -0.24886363904328546
      ],
      "betas": [
        0.28440799353042606,
        0.2327152452683022,
        0.2015772183757407,
        0.125611615129984
      ],
      "expectation": -0.48762670567384037,
      "objective": 0.7438133528369202,
      "num_evals": 12,
      "converged": true,
      "seed_source": "output_file:results_k4_D7.json(p=2,3->scaled)"
    },
    "5": {
      "gammas": [
        -0.119631925128686,
        -0.19179863606562894,
        -0.20466865804117118,
        -0.22094781999289007,
        -0.24649407218902558
      ],
      "betas": [
        0.2831410968178594,
        0.2343858197651665,
        0.21462553064893153,
        0.18871747917782059,
        0.11203649569101745
      ],
      "expectation": -0.5199602497202317,
      "objective": 0.7599801248601159,
      "num_evals": 12,
      "converged": true,
      "seed_source": "output_file:results_k4_D7.json(p=3,4->scaled)"
    },
    "6": {
      "gammas": [
        -0.11307187634488035,
        -0.18281305287846084,
        -0.19361773804365648,
        -0.20218947049418728,
        -0.21831254248792026,
        -0.2449840175761943
      ],
      "betas": [
        0.28129596969453174,
        0.23313808931119984,
        0.2183358650311734,
        0.20475033582304714,
        0.17846796766894524,
        0.10143276369005332
      ],
      "expectation": -0.5450261137184957,
      "objective": 0.7725130568592479,
      "num_evals": 14,
      "converged": true,
      "seed_source": "output_file:results_k4_D7.json(p=4,5->scaled)"
    },
    "7": {
      "gammas": [
        -0.10801629088770949,
        -0.17591268372827676,
        -0.18583718780923564,
        -0.19153922565695342,
        -0.19885113864716134,
        -0.21634456077987393,
        -0.24405343740905722
      ],
      "betas": [
        0.2792153113927153,
        0.23106758109545647,
        0.2182073104901953,
        0.21078947540343076,
        0.19733801455647287,
        0.16955028183996856,
        0.09290163388741474
      ],
      "expectation": -0.565088740162435,
      "objective": 0.7825443700812176,
      "num_evals": 15,
      "converged": true,
      "seed_source": "output_file:results_k4_D7.json(p=5,6->scaled)"
    },
    "8": {
      "gammas": [
        -0.10402678917289086,
        -0.17043996955208432,
        -0.1798812948423725,
        -0.18420696372239018,
        -0.18815164545201266,
        -0.195948063877551,
        -0.21498034382388767,
        -0.24347098035464562
      ],
      "betas": [
        0.27720677603127186,
        0.22867696727179357,
        0.21664542598999928,
        0.2120035082143984,
        0.2056009334023633,
        0.19090012534185438,
        0.1615437771908486,
        0.08588026166118881
      ],
      "expectation": -0.5815447648151651,
      "objective": 0.7907723824075825,
      "num_evals": 13,
      "converged": true,
      "seed_source": "output_file:results_k4_D7.json(p=6,7->scaled)"
    },
    "9": {
      "gammas": [
        -0.10072117650571262,
        -0.1658592234416379,
        -0.17517165959902584,
        -0.1787783432930588,
        -0.18092469522380242,
        -0.18503905053420103,
        -0.19373934102272924,
        -0.21429246921762482,
        -0.24329553774220564
      ],
      "betas": [
        0.2751874825843966,
        0.22623492783225593,
        0.21461894877151524,
        0.2113144347743685,
        0.2081259798239668,
        0.20134550578959934,
        0.18505066736670747,
        0.15426324248403997,
        0.07990462481407776
      ],
      "expectation": -0.5953069314110705,
      "objective": 0.7976534657055352,
      "num_evals": 14,
      "converged": true,
      "seed_source": "output_file:results_k4_D7.json(p=7,8->scaled)"
    },
    "10": {
      "gammas": [
        -0.09800109959311001,
        -0.16201166217957444,
        -0.17126836683767332,
        -0.17450600817831602,
        -0.17569143734399176,
        -0.17771256229642973,
        -0.18247519469184975,
        -0.19211940604519295,
        -0.2140508605859446,
        -0.24335229653181634
      ],
      "betas": [
        0.27332026970045264,
        0.2238617937075833,
        0.21241181029785827,
        0.20979790087541875,
        0.20832747358276696,
        0.20510024298511095,
        0.1974310362634079,
        0.17950721164545813,
        0.14754844130519834,
        0.07475499240748666
      ],
      "expectation": -0.6070007248204545,
      "objective": 0.8035003624102273,
      "num_evals": 14,
      "converged": true,
      "seed_source": "output_file:results_k4_D7.json(p=8,9->scaled)"
    },
    "11": {
      "gammas": [
        -0.09564815147670687,
        -0.15867147818380833,
        -0.1679655621274751,
        -0.17099244000005132,
        -0.17160738118709698,
        -0.17252905084339937,
        -0.17493442314306332,
        -0.18044431884492865,
        -0.19101824448388816,
        -0.2141721126765933,
        -0.24359536712699925
      ],
      "betas": [
        0.27154081375280487,
        0.22161943908125833,
        0.2102112469603749,
        0.20791049804763048,
        0.20739978159036607,
        0.2062628278663084,
        0.20230295984885213,
        0.19361250731625151,
        0.1742061685870339,
        0.14133503331548428,
        0.07024575616111899
      ],
      "expectation": -0.6170683397918677,
      "objective": 0.8085341698959339,
      "num_evals": 16,
      "converged": true,
      "seed_source": "output_file:results_k4_D7.json(p=9,10->scaled)"
    },
    "12": {
      "gammas": [
        -0.09362310387235791,
        -0.15575764181719073,
        -0.16510186064780713,
        -0.16802276587234144,
        -0.16829645407697863,
        -0.16854140500889633,
        -0.16967356971936765,
        -0.17259802699773297,
        -0.17892486299172977,
        -0.19032137335152313,
        -0.21450729052742468,
        -0.243983342335717
      ],
      "betas": [
        0.2698890687581879,
        0.219509015294826,
        0.20807100677749094,
        0.20592459961301673,
        0.20593746683247333,
        0.20594392455213759,
        0.20444323717936913,
        0.19955033917211895,
        0.18985768431579217,
        0.16910177521326533,
        0.13558739073247078,
        0.06628610009337937
      ],
      "expectation": -0.6258314956963079,
      "objective": 0.8129157478481539,
      "num_evals": 17,
      "converged": true,
      "seed_source": "output_file:results_k4_D7.json(p=10,11->scaled)"
    },