{
  "k": 6,
  "D": 8,
  "convention": "e^{-ig Z^k}",
  "results": {
    "1": {
      "gammas": [
        -0.20993738236924758
      ],
      "betas": [
        0.17646267275678362
      ],
      "expectation": -0.28480490782178836,
      "objective": 0.6424024539108941,
      "num_evals": 9,
      "converged": true,
      "seed_source": "angles_Dinf(p=1,g/sqrt(8))"
    },
    "2": {
      "gammas": [
        -0.16711875090840111,
        -0.242528917407342
      ],
      "betas": [
        0.195121118747536,
        0.13178113950639608
      ],
      "expectation": -0.3913344304766566,
      "objective": 0.6956672152383283,
      "num_evals": 11,
      "converged": true,
      "seed_source": "output_file:results_k6_D8.json(p=1->extrap)"
    },
    "3": {
      "gammas": [
        -0.1473188497107586,
        -0.21403990772821688,
        -0.23214491081472366
      ],
      "betas": [
        0.19586003760856446,
        0.16157616633005933,
        0.11230150499432298
      ],
      "expectation": -0.45683332362941387,
      "objective": 0.728416661814707,
      "num_evals": 11,
      "converged": true,
      "seed_source": "output_file:results_k6_D8.json(p=1,2->scaled)"
    },
    "4": {
      "gammas": [
        -0.13576479967859284,
        -0.19664256554519108,
        -0.20772922178883407,
        -0.22581659346757815
      ],
      "betas": [
        0.19222955238080963,
        0.16417547713216432,
        0.1509040103305343,
        0.09936802004960818
      ],
      "expectation": -0.5017219758581678,
      "objective": 0.750860987929084,
      "num_evals": 13,
      "converged": true,
      "seed_source": "output_file:results_k6_D8.json(p=2,3->scaled)"
    },
    "5": {
      "gammas": [
        -0.12788122858298012,
        -0.1863506014873022,
        -0.19218814863058017,
        -0.2018833682555641,
        -0.2213441887592545
      ],
      "betas": [
        0.18883156796435405,
        0.162387242171099,
        0.1560751922314291,
        0.14419017541428747,
        0.08971745202353132
      ],
      "expectation": -0.5349774481771735,
      "objective": 0.7674887240885868,
      "num_evals": 14,
      "converged": true,
      "seed_source": "output_file:results_k6_D8.json(p=3,4->scaled)"
    },
    "6": {
      "gammas": [
        -0.12225866703762008,
        -0.17903164866386065,
        -0.18299077937490543,
        -0.18629666076442317,
        -0.1967879202357811,
        -0.21819795552410998
      ],
      "betas": [
        0.18584851046527937,
        0.1593661901124744,
        0.15591817405912348,
        0.1519494505845689,
        0.13858424893188623,
        0.0819845239696157
      ],
      "expectation": -0.5607428702650826,
      "objective": 0.7803714351325413,
      "num_evals": 15,
      "converged": true,
      "seed_source": "output_file:results_k6_D8.json(p=4,5->scaled)"
    },
    "7": {
      "gammas": [
        -0.11799265453678594,
        -0.17337687200621546,
        -0.17664235758216332,
        -0.17743169822959473,
        -0.18068162376438038,
        -0.19292632650913513,
        -0.21599365029916145
      ],
      "betas": [
        0.18316337489800028,
        0.15635530930270705,
        0.15393274615719693,
        0.1536120361471342,
        0.14887421839569698,
        0.1333898678709092,
        0.07560609240492168
      ],
      "expectation": -0.5813346294622679,
      "objective": 0.7906673147311339,
      "num_evals": 18,
      "converged": true,
      "seed_source": "output_file:results_k6_D8.json(p=5,6->scaled)"
    },
    "8": {
      "gammas": [
        -0.1146262673668314,
        -0.16883800021769874,
        -0.17181871041514332,
        -0.1713263583848007,
        -0.17173698148370206,
        -0.17612258192444394,
        -0.1901009768604111,
        -0.21446686644991178
      ],
      "betas": [
        0.18075803931437612,
        0.15357362296650834,
        0.15147351593863717,
        0.15263762441353818,
        0.15229240973145766,
        0.14597848506425226,
        0.12845220111031322,
        0.07023544747684651
      ],
      "expectation": -0.598188470635764,
      "objective": 0.799094235317882,
      "num_evals": 24,
      "converged": true,
      "seed_source": "output_file:results_k6_D8.json(p=6,7->scaled)"
    },
    "9": {
      "gammas": [
        -0.11192186480896223,
        -0.1651269420335738,
        -0.16798081864499168,
        -0.16677340846272012,
        -0.1656640927782814,
        -0.16689095165643583,
        -0.17255087352008885,
        -0.18808898753709175,
        -0.21339732200034306
      ],
      "betas": [
        0.17866026804690316,
        0.15107066189105933,
        0.14902096845333537,
        0.15083382196273015,
        0.1522603867655663,
        0.15106571145560546,
        0.14309611183812987,
        0.12375037206870333,
        0.06565798482980867
      ],
      "expectation": -0.612244377895047,
      "objective": 0.8061221889475235,
      "num_evals": 24,
      "converged": true,
      "seed_source": "output_file:results_k6_D8.json(p=7,8->scaled)"
    },
    "10": {
      "gammas": [
        -0.10962931757013752,
        -0.16190682807174334,
        -0.16475512236583073,
        -0.16321576790620404,
        -0.16120057892728618,
        -0.1607296774172055,
        -0.16294772999779963,
        -0.16977558414581295,
        -0.18665795439792704,
        -0.21267263062033256
      ],
      "betas": [
        0.17672400565834948,
        0.14875483738597897,
        0.14670905556671388,
        0.1487953732114863,
        0.15110444021276065,
        0.15186543750881112,
        0.149715552008875,
        0.14012646947668303,
        0.11928341720008827,
        0.061690173972034426
      ],
      "expectation": -0.624150456670257,
      "objective": 0.8120752283351285,
      "num_evals": 15,
      "converged": true,
      "seed_source": "output_file:results_k6_D8.json(p=8,9->scaled)"
    },
    "11": {
      "gammas": [
        -0.10770174840469168,
        -0.1591689485450052,
        -0.16205081662195686,
        -0.1602609256095029,
        -0.15769729990114462,
        -0.15632991600221818,
        -0.15668272253854865,
        -0.15973031505578075,
        -0.16770932615755896,
        -0.18574390770855148,
        -0.21225890509946602
      ],
      "betas": [
        0.17499082124410117,
        0.1467144152309648,
        0.14461477719060462,
        0.14673477374843755,
        0.1494983799590986,
        0.15141763899573168,
        0.15127253040487568,
        0.14818628146129906,
        0.13711224312554202,
        0.11500270325650452,
        0.05817715094773601
      ],
      "expectation": -0.6343682924547684,
      "objective": 0.8171841462273842,
      "num_evals": 14,
      "converged": true,
      "seed_source": "output_file:results_k6_D8.json(p=9,10->scaled)"
    },
    "12": {
      "gammas": [
        -0.10585747962184636,
        -0.15650635862475146,
        -0.15951874628921092,
        -0.15757077767836053,
        -0.1547220861529923,
        -0.1527793278626235,
        -0.15204862713391865,
        -0.1531053349549881,
        -0.15701446734578678,
        -0.16588510952733124,
        -0.1850688008219556,
        -0.21189789023879724
      ],
      "betas": [
        0.173226868440609,
        0.14472538364573923,
        0.14239397413454769,
        0.14458271378669324,
        0.14752488675317332,
        0.15000521040005513,
        0.15116572504746945,
        0.15015991002195095,
        0.1461106344402123,
        0.13372251765172177,
        0.11062094277657852,
        0.054846544943718
      ],
      "expectation": -0.6432332695312813,
      "objective": 0.8216166347656406,
      "num_evals": 10,
      "converged": true,
      "seed_source": "output_file:results_k6_D8.json(p=10,11->scaled)"
    },