{
  "k": 5,
  "D": 6,
  "convention": "e^{-ig Z^k}",
  "results": {
    "1": {
      "gammas": [
        -0.23758437715150732
      ],
      "betas": [
        0.19963065741803168
      ],
      "expectation": -0.3172500492659493,
      "objective": 0.6586250246329747,
      "num_evals": 9,
      "converged": true,
      "seed_source": "angles_Dinf(p=1,g/sqrt(6))"
    },
    "2": {
      "gammas": [
        -0.18681780158794561,
        -0.2841777576697905
      ],
      "betas": [
        0.22821322119491733,
        0.14847301483623537
      ],
      "expectation": -0.43519310118042476,
      "objective": 0.7175965505902124,
      "num_evals": 10,
      "converged": true,
      "seed_source": "output_file:results_k5_D6.json(p=1->extrap)"
    },
    "3": {
      "gammas": [
        -0.16313642893750988,
        -0.24904019448614467,
        -0.27679811794239917
      ],
      "betas": [
        0.2316741056239799,
        0.18787505235903892,
        0.12599998147027247
      ],
      "expectation": -0.5073521800421457,
      "objective": 0.7536760900210728,
      "num_evals": 11,
      "converged": true,
      "seed_source": "output_file:results_k5_D6.json(p=1,2->scaled)"
    },
    "4": {
      "gammas": [
        -0.14919472076246698,
        -0.22749611346604054,
        -0.24627104735123423,
        -0.2721926675297056
      ],
      "betas": [
        0.22861342025451636,
        0.19258427379766863,
        0.17430722333078064,
        0.11124567658434698
      ],
      "expectation": -0.5562591730956618,
      "objective": 0.7781295865478308,
      "num_evals": 13,
      "converged": true,
      "seed_source": "output_file:results_k5_D6.json(p=2,3->scaled)"
    },
    "5": {
      "gammas": [
        -0.1398019283795257,
        -0.21490732659621284,
        -0.22672667115049622,
        -0.24187205455565447,
        -0.2686608643982841
      ],
      "betas": [
        0.22555658304413334,
        0.1913549066832878,
        0.18110131270911733,
        0.1657265417587694,
        0.10023118815473869
      ],
      "expectation": -0.5921837614610593,
      "objective": 0.7960918807305297,
      "num_evals": 14,
      "converged": true,
      "seed_source": "output_file:results_k5_D6.json(p=3,4->scaled)"
    },
    "6": {
      "gammas": [
        -0.13311377294448895,
        -0.20583442063584093,
        -0.21547383415120896,
        -0.22249139322077321,
        -0.23741052319092462,
        -0.26627654006835066
      ],
      "betas": [
        0.22263846233249904,
        0.18845496558597577,
        0.18174383761677665,
        0.17498840243564137,
        0.15861630837338628,
        0.09143474034531911
      ],
      "expectation": -0.6198233154752941,
      "objective": 0.8099116577376471,
      "num_evals": 16,
      "converged": true,
      "seed_source": "output_file:results_k5_D6.json(p=4,5->scaled)"
    },
    "7": {
      "gammas": [
        -0.12798675476566315,
        -0.1988471277176948,
        -0.20755991841040683,
        -0.21150827770314864,
        -0.2176150134778535,
        -0.23396506549585722,
        -0.2647195483224491
      ],
      "betas": [
        0.2198667204666445,
        0.18540193996267149,
        0.1798094649871292,
        0.17777651302335903,
        0.17049060688923656,
        0.1521959757396791,
        0.08424478302450582
      ],
      "expectation": -0.6417685343013617,
      "objective": 0.8208842671506809,
      "num_evals": 17,
      "converged": true,
      "seed_source": "output_file:results_k5_D6.json(p=5,6->scaled)"
    },
    "8": {
      "gammas": [
        -0.12388518267553161,
        -0.19325417566147252,
        -0.20156095024963935,
        -0.20396438714666557,
        -0.20633259977609425,
        -0.21345116413427,
        -0.23146590114229837,
        -0.2637138880726632
      ],
      "betas": [
        0.21735485702462912,
        0.18244806803454028,
        0.17727808967262648,
        0.17685775486410557,
        0.17530933301008303,
        0.16652374130891923,
        0.14628222892350642,
        0.07828437839538918
      ],
      "expectation": -0.6596207724875164,
      "objective": 0.8298103862437582,
      "num_evals": 17,
      "converged": true,
      "seed_source": "output_file:results_k5_D6.json(p=6,7->scaled)"
    },
    "9": {
      "gammas": [
        -0.12054130079028907,
        -0.18862877055118082,
        -0.19678911384328154,
        -0.1983534760358014,
        -0.198894035437784,
        -0.20160011649309034,
        -0.21015068863791547,
        -0.22972817343046764,
        -0.26311435666079264
      ],
      "betas": [
        0.2150673316849336,
        0.17973094739888945,
        0.17465966387465384,
        0.17504305528749362,
        0.17536596335625831,
        0.17323641853561245,
        0.162832100532902,
        0.14078219930511188,
        0.07322137607915502
      ],
      "expectation": -0.6744264164953182,
      "objective": 0.8372132082476591,
      "num_evals": 21,
      "converged": true,
      "seed_source": "output_file:results_k5_D6.json(p=7,8->scaled)"
    },
    "10": {
      "gammas": [
        -0.11777823698872832,
        -0.1847280044008226,
        -0.1928006761635846,
        -0.19397535971867552,
        -0.19343143708767993,
        -0.19413527313598453,
        -0.1976242154183343,
        -0.20760337456240288,
        -0.22861364534390158,
        -0.2628485916938907
      ],
      "betas": [
        0.21304714419937176,
        0.17721088401206497,
        0.17213828499260153,
        0.17286821105323932,
        0.17424579256769807,
        0.17417511588422746,
        0.17121239209717762,
        0.15918811891716492,
        0.13559321105945035,
        0.06884520200603185
      ],
      "expectation": -0.6869070239965535,
      "objective": 0.8434535119982767,
      "num_evals": 18,
      "converged": true,
      "seed_source": "output_file:results_k5_D6.json(p=8,9->scaled)"
    },
    "11": {
      "gammas": [
        -0.115372890521887,
        -0.1813556982004024,
        -0.18951915127567678,
        -0.1903694631272061,
        -0.18921826881963894,
        -0.18876561020006719,
        -0.1901275061393762,
        -0.1943935199697082,
        -0.2057576833005871,
        -0.22812160832387116,
        -0.2629506282560898
      ],
      "betas": [
        0.21116885653610074,
        0.1749837620140797,
        0.16982835072418964,
        0.17066091701245767,
        0.17259287818923175,
        0.1738198748832676,
        0.17303183716446927,
        0.1691612001897435,
        0.15562687529588595,
        0.13064781243688373,
        0.06490226929228908
      ],
      "expectation": -0.6975743463907064,
      "objective": 0.8487871731953531,
      "num_evals": 23,
      "converged": true,
      "seed_source": "output_file:results_k5_D6.json(p=9,10->scaled)"
    },
    "12": {
      "gammas": [
        -0.1132925899866192,
        -0.1783760628467963,
        -0.1865928883104863,
        -0.18732671238814844,
        -0.1857660025668437,
        -0.18458573807361814,
        -0.18470327145101273,
        -0.1867330602061145,
        -0.19177264069095407,
        -0.20443615510663155,
        -0.22796745045587555,
        -0.2632428887484632
      ],
      "betas": [
        0.20948425654347916,
        0.17289776479110885,
        0.16765277838554427,
        0.16851454339860686,
        0.17067052981816774,
        0.17260652187726785,
        0.1733234943112187,
        0.17168557958557137,
        0.16695569742085245,
        0.1520166303280751,
        0.12595038924663743,
        0.06143348914554576
      ],
      "expectation": -0.7067986971381841,
      "objective": 0.853399348569092,
      "num_evals": 15,
      "converged": true,
      "seed_source": "output_file:results_k5_D6.json(p=10,11->scaled)"
    },