{
  "k": 3,
  "D": 5,
  "convention": "e^{-ig Z^k}",
  "results": {
    "1": {
      "gammas": [
        -0.24369840484469485
      ],
      "betas": [
        0.28796782655601777
      ],
      "expectation": -0.31089039794388723,
      "objective": 0.6554451989719436,
      "num_evals": 9,
      "converged": true,
      "seed_source": "angles_Dinf(p=1,g/sqrt(5))"
    },
    "2": {
      "gammas": [
        -0.18653543678100587,
        -0.31428059028224675
      ],
      "betas": [
        0.35882950554490317,
        0.21005540759731162
      ],
      "expectation": -0.42312109488911515,
      "objective": 0.7115605474445575,
      "num_evals": 12,
      "converged": true,
      "seed_source": "output_file:results_k3_D5.json(p=1->extrap)"
    },
    "3": {
      "gammas": [
        -0.15982842738749303,
        -0.2715245761397473,
        -0.31350343803851
      ],
      "betas": [
        0.3798448932354409,
        0.2874238338224275,
        0.17344667843327433
      ],
      "expectation": -0.4917532857620184,
      "objective": 0.7458766428810092,
      "num_evals": 12,
      "converged": true,
      "seed_source": "output_file:results_k3_D5.json(p=1,2->scaled)"
    },
    "4": {
      "gammas": [
        -0.14337336968277395,
        -0.24537297644919373,
        -0.27655617329729604,
        -0.31428879177564806
      ],
      "betas": [
        0.38435988784812947,
        0.3089131776189459,
        0.2568819783772354,
        0.14971203383783896
      ],
      "expectation": -0.5376881724249762,
      "objective": 0.7688440862124881,
      "num_evals": 12,
      "converged": true,
      "seed_source": "output_file:results_k3_D5.json(p=2,3->scaled)"
    },
    "5": {
      "gammas": [
        -0.1322024600204684,
        -0.22949676569151756,
        -0.25140089483671757,
        -0.27795871119263943,
        -0.3151024313501588
      ],
      "betas": [
        0.38675807813468915,
        0.31577584159796207,
        0.27940753728649925,
        0.23728359977353697,
        0.13225567302847221
      ],
      "expectation": -0.5714194588670104,
      "objective": 0.7857097294335051,
      "num_evals": 12,
      "converged": true,
      "seed_source": "output_file:results_k3_D5.json(p=3,4->scaled)"
    },
    "6": {
      "gammas": [
        -0.12388486853720257,
        -0.21749653825196458,
        -0.23682917683241458,
        -0.25237948300561625,
        -0.2780227797867499,
        -0.3159129372436037
      ],
      "betas": [
        0.38710013149918177,
        0.31791647463725703,
        0.2891053699177774,
        0.26291703389684523,
        0.221761046567337,
        0.11904942893197927
      ],
      "expectation": -0.5972867194500906,
      "objective": 0.7986433597250453,
      "num_evals": 14,
      "converged": true,
      "seed_source": "output_file:results_k3_D5.json(p=4,5->scaled)"
    },
    "7": {
      "gammas": [
        -0.11735914115322775,
        -0.20831415923731283,
        -0.22614269048861077,
        -0.2381490175676945,
        -0.25158619700343826,
        -0.27812433335985254,
        -0.31683490021405586
      ],
      "betas": [
        0.38666187685791653,
        0.31796805822496316,
        0.2922162473857095,
        0.2761649897670768,
        0.25033288728901687,
        0.20875463083840815,
        0.10867695196955872
      ],
      "expectation": -0.6178008398397302,
      "objective": 0.808900419919865,
      "num_evals": 14,
      "converged": true,
      "seed_source": "output_file:results_k3_D5.json(p=5,6->scaled)"
    },
    "8": {
      "gammas": [
        -0.11216906367024981,
        -0.2009302441691317,
        -0.21810825324936411,
        -0.22810762053287853,
        -0.23707863654578185,
        -0.2506672307214021,
        -0.2786612539060986,
        -0.317897815589314
      ],
      "betas": [
        0.38587515859930427,
        0.3169114001068832,
        0.2927504794231954,
        0.2806722772204019,
        0.26668190923548296,
        0.2397779104766567,
        0.1973769801265894,
        0.10012702529615675
      ],
      "expectation": -0.6345016777416655,
      "objective": 0.8172508388708328,
      "num_evals": 14,
      "converged": true,
      "seed_source": "output_file:results_k3_D5.json(p=6,7->scaled)"
    },
    "9": {
      "gammas": [
        -0.10787824053096115,
        -0.19478851693816276,
        -0.21172999282228505,
        -0.22084449786815932,
        -0.22734620923419674,
        -0.2356794314901975,
        -0.2503121937027177,
        -0.28001392287084814,
        -0.3195565245381777
      ],
      "betas": [
        0.38475498936714136,
        0.3153597801331167,
        0.2920009357349664,
        0.2823051428335063,
        0.27243350512059566,
        0.2588074004232218,
        0.23027206070433553,
        0.1869706029631743,
        0.09269889146126145
      ],
      "expectation": -0.6484050153605527,
      "objective": 0.8242025076802764,
      "num_evals": 14,
      "converged": true,
      "seed_source": "output_file:results_k3_D5.json(p=7,8->scaled)"
    },
    "10": {
      "gammas": [
        -0.10437605552679995,
        -0.1897243349402634,
        -0.20652836878954794,
        -0.2151890627779559,
        -0.22040413843339354,
        -0.22600238010232973,
        -0.23483521638818922,
        -0.25073291553743693,
        -0.2822879595389037,
        -0.3219900616700339
      ],
      "betas": [
        0.3836580343614517,
        0.3136284916833625,
        0.2906454884482059,
        0.2822271976891891,
        0.27504761676265393,
        0.2656084251944045,
        0.25149270300270654,
        0.22105559333163144,
        0.17693811988338695,
        0.08598048681701848
      ],
      "expectation": -0.6602060127576461,
      "objective": 0.8301030063788231,
      "num_evals": 14,
      "converged": true,
      "seed_source": "output_file:results_k3_D5.json(p=8,9->scaled)"
    },
    "11": {
      "gammas": [
        -0.10143184767664569,
        -0.18543533474762144,
        -0.2022903344834936,
        -0.21067774178952892,
        -0.2150987513536498,
        -0.21928222239933498,
        -0.22517861232964176,
        -0.23491607182523425,
        -0.2522120368025351,
        -0.2859329877070338,
        -0.3256077710824806
      ],
      "betas": [
        0.38252396485389023,
        0.31194540080253585,
        0.28913359889119794,
        0.28137711669277193,
        0.27580430752404056,
        0.26943299351963346,
        0.2591542150450434,
        0.2440920785914552,
        0.21173860247397114,
        0.16692138556490368,
        0.07971490802001957
      ],
      "expectation": -0.670394452598292,
      "objective": 0.8351972262991461,
      "num_evals": 14,
      "converged": true,
      "seed_source": "output_file:results_k3_D5.json(p=9,10->scaled)"
    },
    "12": {
      "gammas": [
        -0.09900624499230297,
        -0.18186324733303144,
        -0.1988065169921687,
        -0.2070494255036547,
        -0.21101881441126463,
        -0.21423884350612932,
        -0.21855106482707093,
        -0.22531918769929807,
        -0.2365990533461571,
        -0.2552494134874622,
        -0.2917217505806166,
        -0.33114296161784573
      ],
      "betas": [
        0.38144475756871005,
        0.3103892247175693,
        0.2875922028186114,
        0.2802357826771308,
        0.27565451421877185,
        0.2710836501855621,
        0.26409485682442224,
        0.2522003972392002,
        0.23580085545968585,
        0.20140354559462087,
        0.15600465010736148,
        0.07351368361404267
      ],
      "expectation": -0.679327266240071,
      "objective": 0.8396636331200356,
      "num_evals": 18,
      "converged": true,
      "seed_source": "output_file:results_k3_D5.json(p=10,11->scaled)"
    },