{
  "k": 4,
  "D": 5,
  "convention": "e^{-ig Z^k}",
  "results": {
    "1": {
      "gammas": [
        -0.2535132230704843
      ],
      "betas": [
        0.23342544196772522
      ],
      "expectation": -0.33205888216071766,
      "objective": 0.6660294410803589,
      "num_evals": 9,
      "converged": true,
      "seed_source": "angles_Dinf(p=1,g/sqrt(5))"
    },
    "2": {
      "gammas": [
        -0.19657708055630346,
        -0.3147485630637407
      ],
      "betas": [
        0.27790766382888044,
        0.17261026626274584
      ],
      "expectation": -0.45435251635794366,
      "objective": 0.7271762581789718,
      "num_evals": 10,
      "converged": true,
      "seed_source": "output_file:results_k4_D5.json(p=1->extrap)"
    },
    "3": {
      "gammas": [
        -0.16982935374724806,
        -0.2736096120652166,
        -0.31141424067364537
      ],
      "betas": [
        0.2866018012991724,
        0.2268127194089394,
        0.14538559414478597
      ],
      "expectation": -0.5289071503573364,
      "objective": 0.7644535751786682,
      "num_evals": 11,
      "converged": true,
      "seed_source": "output_file:results_k4_D5.json(p=1,2->scaled)"
    },
    "4": {
      "gammas": [
        -0.15394330442898496,
        -0.24848241354012504,
        -0.27545527495211675,
        -0.3094019877569346
      ],
      "betas": [
        0.2854710265887469,
        0.23620054952405325,
        0.20800169345698535,
        0.12763220571702494
      ],
      "expectation": -0.5789920430490205,
      "objective": 0.7894960215245103,
      "num_evals": 12,
      "converged": true,
      "seed_source": "output_file:results_k4_D5.json(p=2,3->scaled)"
    },
    "5": {
      "gammas": [
        -0.14328407841373655,
        -0.23376832421803934,
        -0.2522340149050872,
        -0.2736233357663782,
        -0.30768023757822005
      ],
      "betas": [
        0.2836464247930767,
        0.2367998132648882,
        0.21873258654049021,
        0.19587391434389903,
        0.11433638070379797
      ],
      "expectation": -0.6156434864097988,
      "objective": 0.8078217432048994,
      "num_evals": 15,
      "converged": true,
      "seed_source": "output_file:results_k4_D5.json(p=3,4->scaled)"
    },
    "6": {
      "gammas": [
        -0.13557729400329468,
        -0.222960611437645,
        -0.23897720748518755,
        -0.25076738512219415,
        -0.2709409278499373,
        -0.30676055724214446
      ],
      "betas": [
        0.28134262378604474,
        0.23478913021215042,
        0.22164229307407146,
        0.20917147139830883,
        0.1859888344339912,
        0.103858236491945
      ],
      "expectation": -0.6437543705580305,
      "objective": 0.8218771852790152,
      "num_evals": 15,
      "converged": true,
      "seed_source": "output_file:results_k4_D5.json(p=4,5->scaled)"
    },
    "7": {
      "gammas": [
        -0.1295941886128541,
        -0.21467386876843012,
        -0.22950571052201765,
        -0.23764144201079201,
        -0.24763481249976713,
        -0.2688304160741164,
        -0.3063807368384267
      ],
      "betas": [
        0.2789233508092538,
        0.23222812363135836,
        0.22052235857535277,
        0.2147033333175798,
        0.20217057384577516,
        0.17743482219384876,
        0.09548955354775861
      ],
      "expectation": -0.6660111876973056,
      "objective": 0.8330055938486528,
      "num_evals": 15,
      "converged": true,
      "seed_source": "output_file:results_k4_D5.json(p=5,6->scaled)"
    },
    "8": {
      "gammas": [
        -0.12482759197036421,
        -0.20801206163478422,
        -0.22224383912485665,
        -0.228673296902629,
        -0.23389688170820672,
        -0.24462882809286274,
        -0.26722691642937996,
        -0.30615645912680994
      ],
      "betas": [
        0.2766267754673434,
        0.22938788935142826,
        0.2183998200889227,
        0.21464063851668524,
        0.21001580888828988,
        0.19625972954127255,
        0.16981189945627767,
        0.08868788001089202
      ],
      "expectation": -0.684073856405837,
      "objective": 0.8420369282029185,
      "num_evals": 13,
      "converged": true,
      "seed_source": "output_file:results_k4_D5.json(p=6,7->scaled)"
    },
    "9": {
      "gammas": [
        -0.12086269619690469,
        -0.20247772627999333,
        -0.21653132924983942,
        -0.2220384619982736,
        -0.22519920816945202,
        -0.23013692271055552,
        -0.24225622281208387,
        -0.2663907551282763,
        -0.3063376895224951
      ],
      "betas": [
        0.2744208915928915,
        0.22666003095454473,
        0.21591839931482443,
        0.21332864656178124,
        0.21112596426499833,
        0.2062916656542715,
        0.19102621096587494,
        0.162921365026093,
        0.08293012309506756
      ],
      "expectation": -0.6990288864380363,
      "objective": 0.8495144432190181,
      "num_evals": 14,
      "converged": true,
      "seed_source": "output_file:results_k4_D5.json(p=7,8->scaled)"
    },
    "10": {
      "gammas": [
        -0.11758490829160642,
        -0.1978258692829624,
        -0.2118181865340853,
        -0.21683578891591385,
        -0.2188546848398411,
        -0.22150413716947087,
        -0.22688064413909928,
        -0.2405668540786347,
        -0.26620908000702503,
        -0.3069000825946724
      ],
      "betas": [
        0.27240386849968506,
        0.22407957844112716,
        0.21336964563464364,
        0.21134130237295254,
        0.21057759727775305,
        0.20847773216554527,
        0.2029333764647703,
        0.1860520872036627,
        0.15642758506957244,
        0.07783114245352475
      ],
      "expectation": -0.7116268951717315,
      "objective": 0.8558134475858657,
      "num_evals": 16,
      "converged": true,
      "seed_source": "output_file:results_k4_D5.json(p=8,9->scaled)"
    },
    "11": {
      "gammas": [
        -0.11481361729292101,
        -0.19386024808486504,
        -0.20786998744414592,
        -0.21261463640044806,
        -0.2138909768059832,
        -0.21530386523722764,
        -0.2182195628585929,
        -0.22423488147903126,
        -0.2395265891834158,
        -0.26666760571156006,
        -0.30789058252526635
      ],
      "betas": [
        0.2705774061988578,
        0.2217057677843717,
        0.2109422696205141,
        0.20910517587427913,
        0.20913005386188838,
        0.20869092385680418,
        0.20607156532455462,
        0.1996309883263677,
        0.18116997821725325,
        0.1502130231910926,
        0.07326140617327259
      ],
      "expectation": -0.7223991565407821,
      "objective": 0.8611995782703911,
      "num_evals": 17,
      "converged": true,
      "seed_source": "output_file:results_k4_D5.json(p=9,10->scaled)"
    },
    "12": {
      "gammas": [
        -0.11243044449201786,
        -0.1904380714027632,
        -0.20455163366509793,
        -0.20911464197633908,
        -0.2099493885005313,
        -0.21052920237385048,
        -0.21210111031603457,
        -0.21554076571224065,
        -0.22232763750382287,
        -0.23923718003831215,
        -0.26790161149606545,
        -0.30950033700751217
      ],
      "betas": [
        0.2688972932958725,
        0.21959096437058737,
        0.20870409462229728,
        0.20691908052801886,
        0.20734467766251607,
        0.20784894907785906,
        0.20706338675322547,
        0.20368143579441836,
        0.19631543338809548,
        0.17625302486182415,
        0.14408482017027885,
        0.06899257447583258
      ],
      "expectation": -0.7317305694252996,
      "objective": 0.8658652847126498,
      "num_evals": 22,
      "converged": true,
      "seed_source": "output_file:results_k4_D5.json(p=10,11->scaled)"
    },