{
  "k": 5,
  "D": 7,
  "convention": "e^{-ig Z^k}",
  "results": {
    "1": {
      "gammas": [
        -0.219127407836545
      ],
      "betas": [
        0.20008475109279697
      ],
      "expectation": -0.2923727092077402,
      "objective": 0.6461863546038701,
      "num_evals": 9,
      "converged": true,
      "seed_source": "angles_Dinf(p=1,g/sqrt(7))"
    },
    "2": {
      "gammas": [
        -0.17208574075671404,
        -0.26006839208336197
      ],
      "betas": [
        0.22749778889564454,
        0.14857400073348961
      ],
      "expectation": -0.4016357703900732,
      "objective": 0.7008178851950366,
      "num_evals": 10,
      "converged": true,
      "seed_source": "output_file:results_k5_D7.json(p=1->extrap)"
    },
    "3": {
      "gammas": [
        -0.1503438208524415,
        -0.22765564533116342,
        -0.2516644635987038
      ],
      "betas": [
        0.23120368063999328,
        0.18641991153919862,
        0.12571078008653722
      ],
      "expectation": -0.468857564578879,
      "objective": 0.7344287822894395,
      "num_evals": 11,
      "converged": true,
      "seed_source": "output_file:results_k5_D7.json(p=1,2->scaled)"
    },
    "4": {
      "gammas": [
        -0.13753756661734975,
        -0.20813951948375647,
        -0.2240719638308186,
        -0.24667753024484668
      ],
      "betas": [
        0.22851803564919324,
        0.1916780523242884,
        0.17234203202596032,
        0.11068033807472469
      ],
      "expectation": -0.5147866692243992,
      "objective": 0.7573933346121996,
      "num_evals": 13,
      "converged": true,
      "seed_source": "output_file:results_k5_D7.json(p=2,3->scaled)"
    },
    "5": {
      "gammas": [
        -0.1288392449165665,
        -0.19652176701106358,
        -0.206361732877869,
        -0.21964152602067122,
        -0.24305821252896248
      ],
      "betas": [
        0.22565112892252215,
        0.19081295248304656,
        0.17993587370434883,
        0.1634541749283607,
        0.09952989874244156
      ],
      "expectation": -0.5487646067208772,
      "objective": 0.7743823033604387,
      "num_evals": 13,
      "converged": true,
      "seed_source": "output_file:results_k5_D7.json(p=3,4->scaled)"
    },
    "6": {
      "gammas": [
        -0.12261994826659918,
        -0.1881824015960874,
        -0.1959961108670651,
        -0.20198457272758408,
        -0.21543051410399977,
        -0.2405787656826373
      ],
      "betas": [
        0.22287570734337042,
        0.1881560685878768,
        0.1808821364050137,
        0.17371943181812644,
        0.1561856010597195,
        0.09066498930330748
      ],
      "expectation": -0.575052357409735,
      "objective": 0.7875261787048675,
      "num_evals": 16,
      "converged": true,
      "seed_source": "output_file:results_k5_D7.json(p=4,5->scaled)"
    },
    "7": {
      "gammas": [
        -0.11787377327081501,
        -0.18176009889643135,
        -0.18875403032438998,
        -0.19197568051416067,
        -0.1972180099126138,
        -0.2121992281679655,
        -0.238911505219031
      ],
      "betas": [
        0.22022041068394363,
        0.18526449684944907,
        0.17926114606905214,
        0.17669668372789238,
        0.16908478693146584,
        0.1496344929363302,
        0.08342467972998296
      ],
      "expectation": -0.5960402718405197,
      "objective": 0.7980201359202599,
      "num_evals": 17,
      "converged": true,
      "seed_source": "output_file:results_k5_D7.json(p=5,6->scaled)"
    },
    "8": {
      "gammas": [
        -0.11408978887289745,
        -0.17662768004421134,
        -0.18326020409896618,
        -0.18509356787814757,
        -0.1871097236073879,
        -0.19324237495901067,
        -0.20988190066357668,
        -0.23781139068605586
      ],
      "betas": [
        0.21779057315898573,
        0.18243269003446533,
        0.17690415545496493,
        0.1761892302631204,
        0.174060622899805,
        0.1649602284221455,
        0.14359648242663975,
        0.07739147707425584
      ],
      "expectation": -0.6132049997347265,
      "objective": 0.8066024998673633,
      "num_evals": 17,
      "converged": true,
      "seed_source": "output_file:results_k5_D7.json(p=6,7->scaled)"
    },
    "9": {
      "gammas": [
        -0.11102353414561186,
        -0.17238589158108736,
        -0.1788927515968561,
        -0.17997452458676397,
        -0.18030744636536955,
        -0.18280064817850225,
        -0.1901097610482694,
        -0.2083103658986732,
        -0.23711745904979528
      ],
      "betas": [
        0.2155709792057429,
        0.1798075260154709,
        0.17442097944263432,
        0.17455004036774807,
        0.1746023876600368,
        0.17184213834051212,
        0.1610789674364617,
        0.13795614959571842,
        0.07226330486992719
      ],
      "expectation": -0.6275126220851475,
      "objective": 0.8137563110425737,
      "num_evals": 20,
      "converged": true,
      "seed_source": "output_file:results_k5_D7.json(p=7,8->scaled)"
    },
    "10": {
      "gammas": [
        -0.10844031321988161,
        -0.16880541701906074,
        -0.17527257026060952,
        -0.17595208368867205,
        -0.17534440913237043,
        -0.1759413762739698,
        -0.17924062098812732,
        -0.18772957984218572,
        -0.20733232891763934,
        -0.23675283074466227
      ],
      "betas": [
        0.21354523915363902,
        0.1773923627962182,
        0.17200230694166815,
        0.1725184287528721,
        0.17370917693184626,
        0.17332014225419948,
        0.16968436182795618,
        0.15725034247260264,
        0.13265930378975596,
        0.06779036726286897
      ],
      "expectation": -0.6396286671019026,
      "objective": 0.8198143335509513,
      "num_evals": 19,
      "converged": true,
      "seed_source": "output_file:results_k5_D7.json(p=8,9->scaled)"
    },
    "11": {
      "gammas": [
        -0.10633046774099131,
        -0.1657712982988334,
        -0.17217117789859473,
        -0.17267224924253347,
        -0.17147844147466493,
        -0.17100915449926474,
        -0.17221097083304662,
        -0.1763651189904373,
        -0.18594781177624814,
        -0.20679500604070414,
        -0.23664302127339568
      ],
      "betas": [
        0.21183426156774518,
        0.1751437661375808,
        0.169721917259133,
        0.17038011309053994,
        0.17214250689998561,
        0.1731977805082464,
        0.1720258660133423,
        0.16743442580612528,
        0.1534486820283975,
        0.12766180878209582,
        0.06390196509455466
      ],
      "expectation": -0.6500257544937015,
      "objective": 0.8250128772468508,
      "num_evals": 20,
      "converged": true,
      "seed_source": "output_file:results_k5_D7.json(p=9,10->scaled)"
    },
    "12": {
      "gammas": [
        -0.1043547047128678,
        -0.16295309471590944,
        -0.16955167397686727,
        -0.16986369846305668,
        -0.16831071888846733,
        -0.16721066990132913,
        -0.1672559440662273,
        -0.169121226752982,
        -0.17403333692479941,
        -0.1846898631361428,
        -0.2065727805811706,
        -0.2367639750825365
      ],
      "betas": [
        0.21003995570294526,
        0.17310714608881247,
        0.16764389766937535,
        0.16828745450675828,
        0.17034595422859172,
        0.17211893475314113,
        0.17266717302359597,
        0.17055911818920516,
        0.1651032067915525,
        0.1496996311670262,
        0.12291093701503669,
        0.06039784202708434
      ],
      "expectation": -0.659048230257594,
      "objective": 0.829524115128797,
      "num_evals": 14,
      "converged": true,
      "seed_source": "output_file:results_k5_D7.json(p=10,11->scaled)"
    },