{
  "k": 7,
  "D": 8,
  "convention": "e^{-ig Z^k}",
  "results": {
    "1": {
      "gammas": [
        -0.2147517525032781
      ],
      "betas": [
        0.15859679359493772
      ],
      "expectation": -0.29546161722389724,
      "objective": 0.6477308086119486,
      "num_evals": 9,
      "converged": true,
      "seed_source": "angles_Dinf(p=1,g/sqrt(8))"
    },
    "2": {
      "gammas": [
        -0.1730370234491595,
        -0.2438363173367381
      ],
      "betas": [
        0.1720118294725547,
        0.11917163347815904
      ],
      "expectation": -0.40529727546473665,
      "objective": 0.7026486377323683,
      "num_evals": 11,
      "converged": true,
      "seed_source": "output_file:results_k7_D8.json(p=1->extrap)"
    },
    "3": {
      "gammas": [
        -0.15370883752416137,
        -0.21668758885583472,
        -0.2321147116970513
      ],
      "betas": [
        0.1709285772845311,
        0.1441311916677672,
        0.1022481447816683
      ],
      "expectation": -0.4725056367755045,
      "objective": 0.7362528183877523,
      "num_evals": 13,
      "converged": true,
      "seed_source": "output_file:results_k7_D8.json(p=1,2->scaled)"
    },
    "4": {
      "gammas": [
        -0.14248617658011986,
        -0.19989973183185863,
        -0.20851734777751824,
        -0.22489228553109447
      ],
      "betas": [
        0.16673280732162263,
        0.1450188263935761,
        0.13609116081590866,
        0.09090783284505738
      ],
      "expectation": -0.5184170409775732,
      "objective": 0.7592085204887866,
      "num_evals": 14,
      "converged": true,
      "seed_source": "output_file:results_k7_D8.json(p=2,3->scaled)"
    },
    "5": {
      "gammas": [
        -0.13479059924486358,
        -0.19004775490589912,
        -0.19352466319746867,
        -0.2014760141426093,
        -0.21984191264981773
      ],
      "betas": [
        0.16306441593056498,
        0.1426380801497123,
        0.1394930195462294,
        0.13099448275124848,
        0.08239133138560152
      ],
      "expectation": -0.5522969858119261,
      "objective": 0.776148492905963,
      "num_evals": 14,
      "converged": true,
      "seed_source": "output_file:results_k7_D8.json(p=3,4->scaled)"
    },
    "6": {
      "gammas": [
        -0.1293052086900269,
        -0.18308308560882977,
        -0.18468800876587885,
        -0.18635907820070358,
        -0.19553590635287943,
        -0.21617501060121233
      ],
      "betas": [
        0.16002403053062028,
        0.13944971926450328,
        0.1386480819640155,
        0.13682453675165365,
        0.1266180127656253,
        0.07556261304504512
      ],
      "expectation": -0.5784722622616384,
      "objective": 0.7892361311308191,
      "num_evals": 17,
      "converged": true,
      "seed_source": "output_file:results_k7_D8.json(p=4,5->scaled)"
    },
    "7": {
      "gammas": [
        -0.12516000097991664,
        -0.17766265569978662,
        -0.17861273353111537,
        -0.17778194929662314,
        -0.1799471006054275,
        -0.19103723368146938,
        -0.21360807931110207
      ],
      "betas": [
        0.15735820307786863,
        0.13642966754961808,
        0.1364537108581219,
        0.1376898215814541,
        0.13481154092466655,
        0.12238838044420555,
        0.06984446319612761
      ],
      "expectation": -0.5993323307311196,
      "objective": 0.7996661653655598,
      "num_evals": 25,
      "converged": true,
      "seed_source": "output_file:results_k7_D8.json(p=5,6->scaled)"
    },
    "8": {
      "gammas": [
        -0.1218697077443627,
        -0.173303015509006,
        -0.17399592064107403,
        -0.17185374847949453,
        -0.17121188310534444,
        -0.17478348016036974,
        -0.18772422830188507,
        -0.21179106604305295
      ],
      "betas": [
        0.15502993445896726,
        0.13371496430158536,
        0.13396382217435288,
        0.13639608658426955,
        0.13729377551379995,
        0.1327667378925452,
        0.11827783738912273,
        0.0650116031763221
      ],
      "expectation": -0.6163580671163237,
      "objective": 0.8081790335581618,
      "num_evals": 27,
      "converged": true,
      "seed_source": "output_file:results_k7_D8.json(p=6,7->scaled)"
    },
    "9": {
      "gammas": [
        -0.11920873777950593,
        -0.16963670988720844,
        -0.17029462022042918,
        -0.16743784874897008,
        -0.16526468451448337,
        -0.16571690157280655,
        -0.1707592839405957,
        -0.1853017342388134,
        -0.21048850242402742
      ],
      "betas": [
        0.15295412142409362,
        0.13129369416362138,
        0.13157701283511977,
        0.13453256398473284,
        0.1368099712621751,
        0.13677021630063207,
        0.13061163184008012,
        0.11428415154852706,
        0.06088264897475838
      ],
      "expectation": -0.6305189879975217,
      "objective": 0.8152594939987609,
      "num_evals": 18,
      "converged": true,
      "seed_source": "output_file:results_k7_D8.json(p=7,8->scaled)"
    },
    "10": {
      "gammas": [
        -0.11730977756699783,
        -0.16677205306589027,
        -0.16718240590576186,
        -0.16399856631115078,
        -0.1609363230350784,
        -0.15972938197375586,
        -0.16129707447555425,
        -0.1676783606685884,
        -0.1836162393923797,
        -0.20962283032682366
      ],
      "betas": [
        0.151442186391476,
        0.12917730429883537,
        0.12939217697342034,
        0.1325595926045641,
        0.13554698491821143,
        0.13706970755704215,
        0.13606174398993323,
        0.12834747323097334,
        0.11046471777312741,
        0.05728436834960717
      ],
      "expectation": -0.6424825269015106,
      "objective": 0.8212412634507553,
      "num_evals": 15,
      "converged": true,
      "seed_source": "output_file:results_k7_D8.json(p=8,9->scaled)"
    },
    "11": {
      "gammas": [
        -0.11544057048371102,
        -0.1640745289962969,
        -0.16431200020374861,
        -0.1608604822292558,
        -0.15735942594470156,
        -0.15519718268923455,
        -0.15496341934194297,
        -0.15752797800602356,
        -0.1650017292188445,
        -0.18221947790789386,
        -0.2088373311815767
      ],
      "betas": [
        0.14981031096359115,
        0.12716597466103916,
        0.12713486922919542,
        0.13040422311103841,
        0.13380871844953549,
        0.13611513472998588,
        0.13669953506477084,
        0.134700205681624,
        0.12556442960604167,
        0.10641466709862181,
        0.053892195006510005
      ],
      "expectation": -0.6527244395859096,
      "objective": 0.8263622197929548,
      "num_evals": 10,
      "converged": true,
      "seed_source": "output_file:results_k7_D8.json(p=9,10->scaled)"
    },
    "12": {
      "gammas": [
        -0.1135827778551247,
        -0.1615517037599254,
        -0.16153111886093566,
        -0.15788956158546516,
        -0.15411902958428098,
        -0.15154103896037296,
        -0.15033598030372172,
        -0.1509177109687059,
        -0.15434397956968166,
        -0.16278127851430887,
        -0.18094307402324716,
        -0.20805754153649536
      ],
      "betas": [
        0.14814660760997506,
        0.1252070067843351,
        0.12494718803554213,
        0.12817908337815936,
        0.1317572032164418,
        0.13445374058303328,
        0.13584727340403113,
        0.13562154347729713,
        0.13258638987693955,
        0.1223299385385816,
        0.10246860263224074,
        0.050518281824024756
      ],
      "expectation": -0.6615748463342773,
      "objective": 0.8307874231671386,
      "num_evals": 8,
      "converged": true,
      "seed_source": "output_file:results_k7_D8.json(p=10,11->scaled)"
    },