{
  "k": 4,
  "D": 8,
  "convention": "e^{-ig Z^k}",
  "results": {
    "1": {
      "gammas": [
        -0.19790555596189302
      ],
      "betas": [
        0.2346474279777051
      ],
      "expectation": -0.25824986364038666,
      "objective": 0.6291249318201934,
      "num_evals": 9,
      "converged": true,
      "seed_source": "angles_Dinf(p=1,g/sqrt(8))"
    },
    "2": {
      "gammas": [
        -0.15305037180685271,
        -0.2399372937166306
      ],
      "betas": [
        0.2743987317953804,
        0.17206912989577972
      ],
      "expectation": -0.35474770817990586,
      "objective": 0.677373854089953,
      "num_evals": 11,
      "converged": true,
      "seed_source": "output_file:results_k4_D8.json(p=1->extrap)"
    },
    "3": {
      "gammas": [
        -0.13234233470236156,
        -0.20820023540679913,
        -0.23313721763049863
      ],
      "betas": [
        0.2840852629560182,
        0.2204883347854546,
        0.1437728017368794
      ],
      "expectation": -0.41451892154790043,
      "objective": 0.7072594607739502,
      "num_evals": 11,
      "converged": true,
      "seed_source": "output_file:results_k4_D8.json(p=1,2->scaled)"
    },
    "4": {
      "gammas": [
        -0.11999764904531862,
        -0.18934273114259573,
        -0.2064103752478583,
        -0.22935884928622963
      ],
      "betas": [
        0.2840757610940337,
        0.23165071626877762,
        0.19972443375680798,
        0.12508061523028785
      ],
      "expectation": -0.4555683016535587,
      "objective": 0.7277841508267794,
      "num_evals": 12,
      "converged": true,
      "seed_source": "output_file:results_k4_D8.json(p=2,3->scaled)"
    },
    "5": {
      "gammas": [
        -0.11151054743533878,
        -0.1778618428512737,
        -0.1891894005602772,
        -0.20382405726432756,
        -0.22681427933554696
      ],
      "betas": [
        0.28297825236272134,
        0.23366502806735387,
        0.21338556345039203,
        0.18660080521757144,
        0.1114082010553335
      ],
      "expectation": -0.48615612123176305,
      "objective": 0.7430780606158816,
      "num_evals": 13,
      "converged": true,
      "seed_source": "output_file:results_k4_D8.json(p=3,4->scaled)"
    },
    "6": {
      "gammas": [
        -0.10538163802176365,
        -0.1695448130573309,
        -0.1788778492803795,
        -0.18656278513400812,
        -0.2011823078419121,
        -0.22515327979140712
      ],
      "betas": [
        0.2813163041399704,
        0.23263148377609857,
        0.21733126153851057,
        0.20331813903610926,
        0.17613387456761445,
        0.10077395733827282
      ],
      "expectation": -0.5099449262198118,
      "objective": 0.754972463109906,
      "num_evals": 13,
      "converged": true,
      "seed_source": "output_file:results_k4_D8.json(p=4,5->scaled)"
    },
    "7": {
      "gammas": [
        -0.10063836920781376,
        -0.16309763649949166,
        -0.17168172813105376,
        -0.17668370943992706,
        -0.18330916662306782,
        -0.199318808413812,
        -0.22412801715155448
      ],
      "betas": [
        0.2792961791784683,
        0.23071353318630117,
        0.21748179084989497,
        0.2095922411031074,
        0.19578749981646265,
        0.16707236675807158,
        0.0921663892982766
      ],
      "expectation": -0.5290407055455542,
      "objective": 0.7645203527727771,
      "num_evals": 15,
      "converged": true,
      "seed_source": "output_file:results_k4_D8.json(p=5,6->scaled)"
    },
    "8": {
      "gammas": [
        -0.0969034503853294,
        -0.15800202067679744,
        -0.1661631278197916,
        -0.16991612104585532,
        -0.17341210332626264,
        -0.18053320815565416,
        -0.19805104994893866,
        -0.22344945236187816
      ],
      "betas": [
        0.2773648992008884,
        0.22845228169353518,
        0.2160983558004992,
        0.2111360633551362,
        0.20418349684214565,
        0.18922387596282172,
        0.15893244320186808,
        0.08507666568042548
      ],
      "expectation": -0.5447467523452167,
      "objective": 0.7723733761726084,
      "num_evals": 13,
      "converged": true,
      "seed_source": "output_file:results_k4_D8.json(p=6,7->scaled)"
    },
    "9": {
      "gammas": [
        -0.09381932114856796,
        -0.15374408760045866,
        -0.16178888837100747,
        -0.16488293298459583,
        -0.1667373351260662,
        -0.17047627281635097,
        -0.17841977082880056,
        -0.19739855911249327,
        -0.2231597532935018
      ],
      "betas": [
        0.2754136673968672,
        0.22609942072194283,
        0.21420832168167164,
        0.21063671327170944,
        0.2071338129509728,
        0.19969325677034147,
        0.18322026528722693,
        0.15154725746460962,
        0.07906346843895458
      ],
      "expectation": -0.5579152140387978,
      "objective": 0.7789576070193989,
      "num_evals": 14,
      "converged": true,
      "seed_source": "output_file:results_k4_D8.json(p=7,8->scaled)"
    },
    "10": {
      "gammas": [
        -0.09126746226430044,
        -0.15015296202270598,
        -0.15816272163598621,
        -0.16091734033728197,
        -0.16188393492382386,
        -0.1637026353120083,
        -0.16808623702960404,
        -0.17687542498779174,
        -0.19716512715621193,
        -0.2230787863198291
      ],
      "betas": [
        0.27357654971386425,
        0.22379593037926035,
        0.2121041539508402,
        0.2092666397785133,
        0.20754596015014848,
        0.20398249701006912,
        0.19552732111875226,
        0.17754098382486963,
        0.14475528396451454,
        0.07388064463155586
      ],
      "expectation": -0.5691299647007474,
      "objective": 0.7845649823503738,
      "num_evals": 15,
      "converged": true,
      "seed_source": "output_file:results_k4_D8.json(p=8,9->scaled)"
    },
    "11": {
      "gammas": [
        -0.08906887436058666,
        -0.14704070804626548,
        -0.15509114893505915,
        -0.15765621122468004,
        -0.15810289064515856,
        -0.15889772412539346,
        -0.16109771187733346,
        -0.16621696383966417,
        -0.1758205110920247,
        -0.19725218680271683,
        -0.22317957284419254
      ],
      "betas": [
        0.27182385471315135,
        0.22160088327425395,
        0.20997282074933873,
        0.2074994648245891,
        0.2067840049148811,
        0.20536976840009355,
        0.20107766434810262,
        0.191469919182905,
        0.17211557711299302,
        0.1384975155070892,
        0.06936937354411286
      ],
      "expectation": -0.5788047829875005,
      "objective": 0.7894023914937502,
      "num_evals": 16,
      "converged": true,
      "seed_source": "output_file:results_k4_D8.json(p=9,10->scaled)"
    },
    "12": {
      "gammas": [
        -0.0872022796700294,
        -0.14439420347883475,
        -0.15245653978549623,
        -0.15489684863834238,
        -0.15502951209163449,
        -0.15520577691137222,
        -0.1562263809874556,
        -0.15891901782802773,
        -0.1648371784052879,
        -0.17515136532097986,
        -0.197542101517461,
        -0.2234090977748866
      ],
      "betas": [
        0.2702608396856119,
        0.21959243391292468,
        0.20789648396455232,
        0.20558768469252134,
        0.20544981277157887,
        0.2052392015580633,
        0.20342625130313138,
        0.1982037308396455,
        0.1874665420482958,
        0.1668920492224884,
        0.13270565081909114,
        0.06540264394045169
      ],
      "expectation": -0.5872418140793153,
      "objective": 0.7936209070396576,
      "num_evals": 17,
      "converged": true,
      "seed_source": "output_file:results_k4_D8.json(p=10,11->scaled)"
    },