{
  "k": 4,
  "D": 6,
  "convention": "e^{-ig Z^k}",
  "results": {
    "1": {
      "gammas": [
        -0.23010990205735038
      ],
      "betas": [
        0.23398331940981856
      ],
      "expectation": -0.30089929029411433,
      "objective": 0.6504496451470572,
      "num_evals": 8,
      "converged": true,
      "seed_source": "angles_Dinf(p=1,g/sqrt(6))"
    },
    "2": {
      "gammas": [
        -0.17817802090047885,
        -0.2825719287684724
      ],
      "betas": [
        0.27624859588226836,
        0.17239765362676415
      ],
      "expectation": -0.4124283581967428,
      "objective": 0.7062141790983714,
      "num_evals": 11,
      "converged": true,
      "seed_source": "output_file:results_k4_D6.json(p=1->extrap)"
    },
    "3": {
      "gammas": [
        -0.15400209634220505,
        -0.2454205616370776,
        -0.2772334596935294
      ],
      "betas": [
        0.2854117144534313,
        0.2238079418085734,
        0.14460581742663386
      ],
      "expectation": -0.48096833270025585,
      "objective": 0.7404841663501279,
      "num_evals": 11,
      "converged": true,
      "seed_source": "output_file:results_k4_D6.json(p=1,2->scaled)"
    },
    "4": {
      "gammas": [
        -0.1396219507540402,
        -0.22305506660227892,
        -0.24545551714981706,
        -0.2743146831970715
      ],
      "betas": [
        0.28484692591340155,
        0.2341592683539823,
        0.20417024304363135,
        0.12639228868608654
      ],
      "expectation": -0.5275157745836011,
      "objective": 0.7637578872918005,
      "num_evals": 12,
      "converged": true,
      "seed_source": "output_file:results_k4_D6.json(p=2,3->scaled)"
    },
    "5": {
      "gammas": [
        -0.12985575672305558,
        -0.2096573173096598,
        -0.22471941964421982,
        -0.24318977480191742,
        -0.2721953888786562
      ],
      "betas": [
        0.2833403542187163,
        0.23536375188058473,
        0.21633276087010075,
        0.19163109499159645,
        0.11293739142599288
      ],
      "expectation": -0.561865169881609,
      "objective": 0.7809325849408044,
      "num_evals": 12,
      "converged": true,
      "seed_source": "output_file:results_k4_D6.json(p=3,4->scaled)"
    },
    "6": {
      "gammas": [
        -0.12279767373580858,
        -0.19988248368601164,
        -0.21272084700082267,
        -0.2225642400677909,
        -0.2405237518309941,
        -0.27090300443198045
      ],
      "betas": [
        0.2813195775538793,
        0.23381412687763914,
        0.21969349020137496,
        0.2066280030945632,
        0.1815966810126217,
        0.10238547026678711
      ],
      "expectation": -0.5883791613530008,
      "objective": 0.7941895806765005,
      "num_evals": 15,
      "converged": true,
      "seed_source": "output_file:results_k4_D6.json(p=4,5->scaled)"
    },
    "7": {
      "gammas": [
        -0.11733187361068842,
        -0.19238036258943408,
        -0.20421162390107794,
        -0.21091627717274108,
        -0.21921858963580754,
        -0.2384410463108008,
        -0.2701679516279389
      ],
      "betas": [
        0.27910018438547596,
        0.23153609090717256,
        0.2191819269844133,
        0.2124327509555394,
        0.19934876014358222,
        0.1728479345325026,
        0.09394112931975214
      ],
      "expectation": -0.6095128792397124,
      "objective": 0.8047564396198562,
      "num_evals": 16,
      "converged": true,
      "seed_source": "output_file:results_k4_D6.json(p=5,6->scaled)"
    },
    "8": {
      "gammas": [
        -0.11298705095368995,
        -0.18639269606813189,
        -0.1977215639849127,
        -0.20286479378919783,
        -0.207400050938593,
        -0.21624016785142647,
        -0.23698835519866382,
        -0.2697443525446065
      ],
      "betas": [
        0.27695386193161764,
        0.22898137363451845,
        0.21739033555876533,
        0.21313402236841678,
        0.20752117741847928,
        0.1931193268992028,
        0.16501741118986593,
        0.08700085796829234
      ],
      "expectation": -0.6267775516751781,
      "objective": 0.8133887758375891,
      "num_evals": 15,
      "converged": true,
      "seed_source": "output_file:results_k4_D6.json(p=6,7->scaled)"
    },
    "9": {
      "gammas": [
        -0.10942050122309988,
        -0.18142103623061678,
        -0.1925756699661726,
        -0.1969142272416583,
        -0.19947966795659505,
        -0.2040217994760258,
        -0.21394700683665177,
        -0.2362113913328219,
        -0.2696997014501228
      ],
      "betas": [
        0.27487399925069095,
        0.2264153335492066,
        0.21516003898626698,
        0.21219302300481702,
        0.209399066384676,
        0.2035357725186051,
        0.18748207566259117,
        0.15787049209135043,
        0.08110451549014662
      ],
      "expectation": -0.6411612739314887,
      "objective": 0.8205806369657443,
      "num_evals": 14,
      "converged": true,
      "seed_source": "output_file:results_k4_D6.json(p=7,8->scaled)"
    },
    "10": {
      "gammas": [
        -0.10649140392653605,
        -0.17723831870022108,
        -0.18830652983729307,
        -0.19225987898165398,
        -0.19374306307008538,
        -0.19604430040509246,
        -0.20117151281438328,
        -0.21227198703488825,
        -0.23594078201913835,
        -0.2699417665895065
      ],
      "betas": [
        0.2729645990881466,
        0.223932878248013,
        0.21281774701073972,
        0.21046913223098376,
        0.20931236655513374,
        0.20649052187621098,
        0.19991038108303544,
        0.1821391364630596,
        0.15125207076933755,
        0.07600112523385236
      ],
      "expectation": -0.6533425979884316,
      "objective": 0.8266712989942158,
      "num_evals": 14,
      "converged": true,
      "seed_source": "output_file:results_k4_D6.json(p=8,9->scaled)"
    },
    "11": {
      "gammas": [
        -0.10394429862335731,
        -0.1736096077327746,
        -0.1847386910379026,
        -0.188435310176286,
        -0.18926912544775776,
        -0.1903910608246016,
        -0.19305744448578127,
        -0.19886853097473542,
        -0.21115763961538644,
        -0.2361173525226854,
        -0.27040036377637705
      ],
      "betas": [
        0.27113609496154584,
        0.22164631318563124,
        0.21053923945490557,
        0.2084285489579632,
        0.20817151692078892,
        0.2073741216606399,
        0.20385144991775284,
        0.19639756513534284,
        0.17705596045538266,
        0.1451088320514583,
        0.07151091992855484
      ],
      "expectation": -0.66379962421627,
      "objective": 0.831899812108135,
      "num_evals": 16,
      "converged": true,
      "seed_source": "output_file:results_k4_D6.json(p=9,10->scaled)"
    },
    "12": {
      "gammas": [
        -0.10173533558943329,
        -0.17045878242266221,
        -0.1815940663691625,
        -0.1851841851666465,
        -0.1856690810618852,
        -0.18599609385509874,
        -0.18729424834062547,
        -0.19050897791821497,
        -0.19710183145000865,
        -0.21044662690260613,
        -0.23653153138214456,
        -0.27100039821193256
      ],
      "betas": [
        0.26949440102584293,
        0.21949005199808547,
        0.2082877600426419,
        0.20634095415942932,
        0.20653512877030955,
        0.20680018800632727,
        0.20562901139805043,
        0.2012364301589875,
        0.19290601273879018,
        0.17211112134575157,
        0.13939074504200225,
        0.06755447898830003
      ],
      "expectation": -0.6728773441574071,
      "objective": 0.8364386720787036,
      "num_evals": 17,
      "converged": true,
      "seed_source": "output_file:results_k4_D6.json(p=10,11->scaled)"
    },