{
  "k": 6,
  "D": 7,
  "convention": "e^{-ig Z^k}",
  "results": {
    "1": {
      "gammas": [
        -0.22503579658155157
      ],
      "betas": [
        0.1760997721906819
      ],
      "expectation": -0.305391053976529,
      "objective": 0.6526955269882645,
      "num_evals": 9,
      "converged": true,
      "seed_source": "angles_Dinf(p=1,g/sqrt(7))"
    },
    "2": {
      "gammas": [
        -0.17921755949206597,
        -0.26158767508196024
      ],
      "betas": [
        0.1954226534563169,
        0.13168657264562203
      ],
      "expectation": -0.41912711063000807,
      "objective": 0.709563555315004,
      "num_evals": 11,
      "converged": true,
      "seed_source": "output_file:results_k6_D7.json(p=1->extrap)"
    },
    "3": {
      "gammas": [
        -0.15800092724967174,
        -0.23098179336007882,
        -0.25161688021946105
      ],
      "betas": [
        0.19604027989426068,
        0.16237490236126864,
        0.11243137713307501
      ],
      "expectation": -0.488761615527526,
      "objective": 0.744380807763763,
      "num_evals": 11,
      "converged": true,
      "seed_source": "output_file:results_k6_D7.json(p=1,2->scaled)"
    },
    "4": {
      "gammas": [
        -0.14555974058283463,
        -0.21209896365940417,
        -0.2250242984449321,
        -0.24539055018692907
      ],
      "betas": [
        0.19215539950306504,
        0.16462207255623026,
        0.15206347917004331,
        0.0996602249081629
      ],
      "expectation": -0.5361884837072378,
      "objective": 0.768094241853619,
      "num_evals": 14,
      "converged": true,
      "seed_source": "output_file:results_k6_D7.json(p=2,3->scaled)"
    },
    "5": {
      "gammas": [
        -0.13713768215699604,
        -0.20105839413757315,
        -0.20807391134866324,
        -0.21900553824079683,
        -0.24091609054098437
      ],
      "betas": [
        0.18865179765022103,
        0.16259613871476467,
        0.1566977402591205,
        0.14555850544478913,
        0.09010282661555061
      ],
      "expectation": -0.5711197453057006,
      "objective": 0.7855598726528503,
      "num_evals": 13,
      "converged": true,
      "seed_source": "output_file:results_k6_D7.json(p=3,4->scaled)"
    },
    "6": {
      "gammas": [
        -0.13113634865497634,
        -0.19318918303654212,
        -0.1982228969464529,
        -0.20209429939670298,
        -0.21362071248982895,
        -0.23770301829522328
      ],
      "betas": [
        0.18558253303175362,
        0.15944661920199635,
        0.15636890374457976,
        0.1526870723183074,
        0.14009392652359762,
        0.08243109367963106
      ],
      "expectation": -0.5980560700918572,
      "objective": 0.7990280350459287,
      "num_evals": 15,
      "converged": true,
      "seed_source": "output_file:results_k6_D7.json(p=4,5->scaled)"
    },
    "7": {
      "gammas": [
        -0.12657833781655498,
        -0.18710493841182896,
        -0.19137409419453832,
        -0.19251303598816216,
        -0.19623727414714645,
        -0.20949354334580522,
        -0.23550239865256317
      ],
      "betas": [
        0.1828277505574351,
        0.15634034459220322,
        0.15420851459663476,
        0.15421992528394823,
        0.14969630169026085,
        0.1349972332491416,
        0.07609278225375388
      ],
      "expectation": -0.6194864112436109,
      "objective": 0.8097432056218055,
      "num_evals": 19,
      "converged": true,
      "seed_source": "output_file:results_k6_D7.json(p=5,6->scaled)"
    },
    "8": {
      "gammas": [
        -0.12297019336983013,
        -0.18221759401024315,
        -0.1861807966028706,
        -0.18590495168194357,
        -0.1864626589775962,
        -0.1914416750039726,
        -0.20647364295385517,
        -0.23400970854251976
      ],
      "betas": [
        0.1803701580983624,
        0.15348706833789053,
        0.15165194965603263,
        0.1530145623019352,
        0.15302404205425635,
        0.14689683659844324,
        0.13014310081715313,
        0.0707482964987897
      ],
      "expectation": -0.6369503259158865,
      "objective": 0.8184751629579432,
      "num_evals": 26,
      "converged": true,
      "seed_source": "output_file:results_k6_D7.json(p=6,7->scaled)"
    },
    "9": {
      "gammas": [
        -0.12001912918935372,
        -0.1781766526094411,
        -0.18204059688120128,
        -0.18099432381409156,
        -0.17988679503454783,
        -0.18124315925514686,
        -0.18767052314483917,
        -0.20431416302580288,
        -0.2329847365273102
      ],
      "betas": [
        0.17819092197098982,
        0.15091791556360604,
        0.14912450208319417,
        0.15111045459363107,
        0.15269908085038983,
        0.15189682321235481,
        0.14412095681648174,
        0.12551751012752144,
        0.06620051287341303
      ],
      "expectation": -0.6514552588026338,
      "objective": 0.8257276294013169,
      "num_evals": 25,
      "converged": true,
      "seed_source": "output_file:results_k6_D7.json(p=7,8->scaled)"
    },
    "10": {
      "gammas": [
        -0.1175293677591084,
        -0.1747545079663732,
        -0.1785996542016758,
        -0.1771364072980341,
        -0.17507143420916227,
        -0.17461771405013707,
        -0.1769524203922784,
        -0.18475124980999758,
        -0.20282730476466895,
        -0.2323357444502041
      ],
      "betas": [
        0.17624493872399005,
        0.14860207056478303,
        0.14676109940434245,
        0.14899623236161827,
        0.1514501885703271,
        0.1523722764302717,
        0.15066048784743297,
        0.1412808151814591,
        0.12110311004537472,
        0.06223610567154403
      ],
      "expectation": -0.6636956689071999,
      "objective": 0.8318478344536,
      "num_evals": 17,
      "converged": true,
      "seed_source": "output_file:results_k6_D7.json(p=8,9->scaled)"
    },
    "11": {
      "gammas": [
        -0.11540621501630582,
        -0.17167479886666004,
        -0.17566828082053,
        -0.1739906252426283,
        -0.17130171489047663,
        -0.16984169566966642,
        -0.17023954960458523,
        -0.17346040473983806,
        -0.1825347822095808,
        -0.201837509569896,
        -0.23198306101475116
      ],
      "betas": [
        0.1744295655407172,
        0.14648250704809415,
        0.1446105709497753,
        0.14690563214906485,
        0.14974729037049633,
        0.15177968702432348,
        0.15186638427066337,
        0.14923604438486407,
        0.13840469331070704,
        0.11691951118376827,
        0.05877370447640837
      ],
      "expectation": -0.6741653813280756,
      "objective": 0.8370826906640378,
      "num_evals": 14,
      "converged": true,
      "seed_source": "output_file:results_k6_D7.json(p=9,10->scaled)"
    },
    "12": {
      "gammas": [
        -0.11350395223627927,
        -0.16883956600754224,
        -0.17286312881988292,
        -0.17108348501001375,
        -0.16809870248169578,
        -0.16598353001669808,
        -0.1652179398958378,
        -0.16641125655127909,
        -0.17048135550138677,
        -0.18061231087077703,
        -0.2010971464632528,
        -0.23169789927111073
      ],
      "betas": [
        0.17280330267490746,
        0.14434589133055545,
        0.14234981018188025,
        0.1447047175312734,
        0.14774641442454226,
        0.15030875632672927,
        0.15160559517401337,
        0.15086127008019198,
        0.14732345593921575,
        0.13514295962919967,
        0.1126004296331364,
        0.05550584469940817
      ],
      "expectation": -0.6832221026080707,
      "objective": 0.8416110513040354,
      "num_evals": 10,
      "converged": true,
      "seed_source": "output_file:results_k6_D7.json(p=10,11->scaled)"
    },