{
  "k": 3,
  "D": 4,
  "convention": "e^{-ig Z^k}",
  "results": {
    "1": {
      "gammas": [
        -0.27502525842839814
      ],
      "betas": [
        0.28737134785200913
      ],
      "expectation": -0.3521133201227657,
      "objective": 0.6760566600613829,
      "num_evals": 2,
      "converged": true,
      "seed_source": "output_file:results_k3_D4.json(p=1)"
    },
    "2": {
      "gammas": [
        -0.21121510173058589,
        -0.3605944290299727
      ],
      "betas": [
        0.3635918465661959,
        0.21146641265225577
      ],
      "expectation": -0.47824556800159257,
      "objective": 0.7391227840007963,
      "num_evals": 12,
      "converged": true,
      "seed_source": "output_file:results_k3_D4.json(p=1->extrap)"
    },
    "3": {
      "gammas": [
        -0.18066953568797486,
        -0.3121162698011695,
        -0.3642616255712442
      ],
      "betas": [
        0.3837469466215344,
        0.2954990393287775,
        0.17597138332222306
      ],
      "expectation": -0.5542881041207993,
      "objective": 0.7771440520603996,
      "num_evals": 12,
      "converged": true,
      "seed_source": "output_file:results_k3_D4.json(p=1,2->scaled)"
    },
    "4": {
      "gammas": [
        -0.1621374654238566,
        -0.281780243898453,
        -0.32083847210230054,
        -0.36664543022592055
      ],
      "betas": [
        0.3870878304191983,
        0.31481010748476834,
        0.26616344580658663,
        0.15295758773437562
      ],
      "expectation": -0.6044080318311565,
      "objective": 0.8022040159155783,
      "num_evals": 11,
      "converged": true,
      "seed_source": "output_file:results_k3_D4.json(p=2,3->scaled)"
    },
    "5": {
      "gammas": [
        -0.14971987618707527,
        -0.2641787289766863,
        -0.29242909041856485,
        -0.32389118256375093,
        -0.3689679324412727
      ],
      "betas": [
        0.38884238904239943,
        0.3207520399030929,
        0.28568088000289865,
        0.24669578833060352,
        0.1354358877104374
      ],
      "expectation": -0.6409619213162074,
      "objective": 0.8204809606581037,
      "num_evals": 12,
      "converged": true,
      "seed_source": "output_file:results_k3_D4.json(p=3,4->scaled)"
    },
    "6": {
      "gammas": [
        -0.14047813274404738,
        -0.25047623110231504,
        -0.2756554686913139,
        -0.2953431345223411,
        -0.3247324055222979,
        -0.3709522265849786
      ],
      "betas": [
        0.3886917989117283,
        0.3217640254780074,
        0.29500244650156326,
        0.26956538862908314,
        0.23125358893587958,
        0.1222257217482943
      ],
      "expectation": -0.668782241064754,
      "objective": 0.8343911205323771,
      "num_evals": 13,
      "converged": true,
      "seed_source": "output_file:results_k3_D4.json(p=4,5->scaled)"
    },
    "7": {
      "gammas": [
        -0.13297998067422204,
        -0.23982834615536078,
        -0.26324493987312736,
        -0.2779316873863532,
        -0.2951742148890822,
        -0.3247985427556847,
        -0.37217529442751657
      ],
      "betas": [
        0.3878915377521302,
        0.32133072390475376,
        0.296930708316027,
        0.2826647013773337,
        0.2579423375281834,
        0.21903287745750885,
        0.1124757439988771
      ],
      "expectation": -0.6906265341322646,
      "objective": 0.8453132670661323,
      "num_evals": 14,
      "converged": true,
      "seed_source": "output_file:results_k3_D4.json(p=5,6->scaled)"
    },
    "8": {
      "gammas": [
        -0.12688786889383577,
        -0.23106074197610801,
        -0.2537504280989979,
        -0.2662433247097992,
        -0.2765502341167627,
        -0.2939795802682456,
        -0.3244177589567605,
        -0.3725741072514496
      ],
      "betas": [
        0.3867661895972384,
        0.31971690490900323,
        0.29680349298319103,
        0.28609560882853696,
        0.2739187744991233,
        0.2488602593646942,
        0.20909880282153856,
        0.10498788789810776
      ],
      "expectation": -0.7082040961094059,
      "objective": 0.854102048054703,
      "num_evals": 13,
      "converged": true,
      "seed_source": "output_file:results_k3_D4.json(p=6,7->scaled)"
    },
    "9": {
      "gammas": [
        -0.12178873430678754,
        -0.22365111174138827,
        -0.24605590035454739,
        -0.25758745064728034,
        -0.2651787061068659,
        -0.2740860582512365,
        -0.2925950548578467,
        -0.32391382565058674,
        -0.37261305539778744
      ],
      "betas": [
        0.3853577718577022,
        0.3176255918678526,
        0.2952986403069878,
        0.28674510561644834,
        0.27883058793125626,
        0.2670600610254907,
        0.24136652406460637,
        0.2007838805335031,
        0.09899377150784719
      ],
      "expectation": -0.7226420208692371,
      "objective": 0.8613210104346185,
      "num_evals": 14,
      "converged": true,
      "seed_source": "output_file:results_k3_D4.json(p=7,8->scaled)"
    },
    "10": {
      "gammas": [
        -0.11749707725291897,
        -0.21735629372744358,
        -0.2396739163453194,
        -0.2507531107646988,
        -0.2570062527004268,
        -0.2628490541749243,
        -0.27163932454638434,
        -0.2913655472974664,
        -0.3235203860347558,
        -0.3725927718715328
      ],
      "betas": [
        0.38387744382001426,
        0.31539538058032507,
        0.2932844123353493,
        0.2857624681793232,
        0.2802899522178779,
        0.2735133073074507,
        0.2613758585081993,
        0.23492181165970108,
        0.19359228040912702,
        0.09394465767649311
      ],
      "expectation": -0.7347191889364193,
      "objective": 0.8673595944682096,
      "num_evals": 16,
      "converged": true,
      "seed_source": "output_file:results_k3_D4.json(p=8,9->scaled)"
    },
    "11": {
      "gammas": [
        -0.11384596187583744,
        -0.21194448471008112,
        -0.2342658652257644,
        -0.24510404413691234,
        -0.25063670442422437,
        -0.25491771761705667,
        -0.2603423578841031,
        -0.2693921936197359,
        -0.2902790034039198,
        -0.32323846289098235,
        -0.3725758138508557
      ],
      "betas": [
        0.3824550955271664,
        0.3131634242263806,
        0.29104306332922586,
        0.2840367177429329,
        0.2798462436211848,
        0.27573535764702206,
        0.26918372236099286,
        0.25631231845314784,
        0.22915887543263755,
        0.1872167819697116,
        0.0895991985968615
      ],
      "expectation": -0.744979235194727,
      "objective": 0.8724896175973635,
      "num_evals": 15,
      "converged": true,
      "seed_source": "output_file:results_k3_D4.json(p=9,10->scaled)"
    },
    "12": {
      "gammas": [
        -0.11072744272694167,
        -0.20719935405923046,
        -0.22956455597027178,
        -0.24036470455327694,
        -0.24535155854443982,
        -0.24878341813137386,
        -0.25252399463504127,
        -0.2579420962639463,
        -0.26738023508135994,
        -0.2893820096317404,
        -0.3230655640349701,
        -0.37262055942665784
      ],
      "betas": [
        0.38106867092136876,
        0.3109121416817301,
        0.2887632704521405,
        0.2819945783852111,
        0.27839173818620505,
        0.27584162651485544,
        0.2721099708709489,
        0.26531609434830355,
        0.2516462696981722,
        0.22386274447271398,
        0.18141499320628085,
        0.08576213176061415
      ],
      "expectation": -0.7538089669658259,
      "objective": 0.8769044834829129,
      "num_evals": 14,
      "converged": true,
      "seed_source": "output_file:results_k3_D4.json(p=10,11->scaled)"
    },