{
  "k": 3,
  "D": 6,
  "convention": "e^{-ig Z^k}",
  "results": {
    "1": {
      "gammas": [
        -0.2211291085714612
      ],
      "betas": [
        0.2883436767393595
      ],
      "expectation": -0.2814377369961496,
      "objective": 0.6407188684980748,
      "num_evals": 9,
      "converged": true,
      "seed_source": "angles_Dinf(p=1,g/sqrt(6))"
    },
    "2": {
      "gammas": [
        -0.16901852221693148,
        -0.28234509193365354
      ],
      "betas": [
        0.35600056046006623,
        0.20921522120693775
      ],
      "expectation": -0.3835978698304065,
      "objective": 0.6917989349152033,
      "num_evals": 12,
      "converged": true,
      "seed_source": "output_file:results_k3_D6.json(p=1->extrap)"
    },
    "3": {
      "gammas": [
        -0.1448437371794056,
        -0.24358612975268484,
        -0.2794166905114541
      ],
      "betas": [
        0.3775696040875901,
        0.28283457621110364,
        0.1721640873147296
      ],
      "expectation": -0.44649742132967385,
      "objective": 0.7232487106648369,
      "num_evals": 11,
      "converged": true,
      "seed_source": "output_file:results_k3_D6.json(p=1,2->scaled)"
    },
    "4": {
      "gammas": [
        -0.1299537821191097,
        -0.2202618259548947,
        -0.24647904243645974,
        -0.2790755015608111
      ],
      "betas": [
        0.3826588785546057,
        0.30523685844836457,
        0.25136817742232354,
        0.1480150486005275
      ],
      "expectation": -0.488964092028728,
      "objective": 0.744482046014364,
      "num_evals": 12,
      "converged": true,
      "seed_source": "output_file:results_k3_D6.json(p=2,3->scaled)"
    },
    "5": {
      "gammas": [
        -0.11973847974274268,
        -0.20581568443139325,
        -0.22409523234139272,
        -0.24710866800323322,
        -0.279101971405819
      ],
      "betas": [
        0.3853926584469829,
        0.31276670026897707,
        0.2753721119088926,
        0.2313401852809999,
        0.13044010293324537
      ],
      "expectation": -0.5203273063347748,
      "objective": 0.7601636531673874,
      "num_evals": 13,
      "converged": true,
      "seed_source": "output_file:results_k3_D6.json(p=3,4->scaled)"
    },
    "6": {
      "gammas": [
        -0.11217046896740404,
        -0.1950481399725764,
        -0.2109015459874372,
        -0.22427861674597147,
        -0.24689398353023323,
        -0.27937548722724453
      ],
      "betas": [
        0.3861251351582719,
        0.3154300880605811,
        0.2854245852270664,
        0.2586629991975708,
        0.2155858156626227,
        0.11710646748515569
      ],
      "expectation": -0.5444816903630803,
      "objective": 0.7722408451815401,
      "num_evals": 14,
      "converged": true,
      "seed_source": "output_file:results_k3_D6.json(p=4,5->scaled)"
    },
    "7": {
      "gammas": [
        -0.10626029730774664,
        -0.18678408252728906,
        -0.20141446127667667,
        -0.2115272798311671,
        -0.22312289623418313,
        -0.24689940654394218,
        -0.2798614069221136
      ],
      "betas": [
        0.38593486520789216,
        0.3159190610820543,
        0.28928791340842386,
        0.27184971039159256,
        0.24576712906576653,
        0.20231671009774432,
        0.10658325965172313
      ],
      "expectation": -0.5637253403304263,
      "objective": 0.7818626701652132,
      "num_evals": 14,
      "converged": true,
      "seed_source": "output_file:results_k3_D6.json(p=5,6->scaled)"
    },
    "8": {
      "gammas": [
        -0.10153872058332711,
        -0.18014913364096788,
        -0.19417980293143694,
        -0.20259261891630115,
        -0.2103229444934243,
        -0.22195372514378794,
        -0.24731170554177256,
        -0.280525823673153
      ],
      "betas": [
        0.3853666913645447,
        0.31523663271023694,
        0.29028467467178765,
        0.2774581498344903,
        0.26169671017509893,
        0.23482014133933526,
        0.19074245342759885,
        0.09792831695069625
      ],
      "expectation": -0.5794592772083164,
      "objective": 0.7897296386041581,
      "num_evals": 13,
      "converged": true,
      "seed_source": "output_file:results_k3_D6.json(p=6,7->scaled)"
    },
    "9": {
      "gammas": [
        -0.09760533585281658,
        -0.17457624394291618,
        -0.18841912205444275,
        -0.19598395207284253,
        -0.2014605907131898,
        -0.208897380231807,
        -0.22124067055787797,
        -0.24816004569348055,
        -0.28142969919502825
      ],
      "betas": [
        0.3844218335932241,
        0.3139840175234383,
        0.28997751766404695,
        0.2796494223191087,
        0.2689453750287208,
        0.2532697252137395,
        0.22509890116927328,
        0.1804764274233941,
        0.0906598206585586
      ],
      "expectation": -0.5925936060792396,
      "objective": 0.7962968030396198,
      "num_evals": 14,
      "converged": true,
      "seed_source": "output_file:results_k3_D6.json(p=7,8->scaled)"
    },
    "10": {
      "gammas": [
        -0.09429101762343443,
        -0.1698469486846032,
        -0.1836233863615953,
        -0.1907557866136585,
        -0.19501357974115116,
        -0.19981087942258768,
        -0.20778919905972024,
        -0.2208992365064691,
        -0.24921852639479272,
        -0.2823761444398804
      ],
      "betas": [
        0.3834077544317502,
        0.3124564680479234,
        0.2889374372461525,
        0.28006939891520294,
        0.2723329486000402,
        0.2621121207213337,
        0.24572224933990333,
        0.216237242540378,
        0.17131060513385282,
        0.08451097568961578
      ],
      "expectation": -0.6037394337981017,
      "objective": 0.8018697168990508,
      "num_evals": 14,
      "converged": true,
      "seed_source": "output_file:results_k3_D6.json(p=8,9->scaled)"
    },
    "11": {
      "gammas": [
        -0.09143921554018065,
        -0.16570650493507574,
        -0.17951387323360932,
        -0.18646741723798102,
        -0.1899662879835586,
        -0.19330427469413228,
        -0.1982936333642067,
        -0.20697274025461682,
        -0.22081361453353496,
        -0.2503001005892795,
        -0.2832561884547037
      ],
      "betas": [
        0.38232811734262,
        0.31076939209692056,
        0.28755153233900993,
        0.27950280184127124,
        0.27354481653198054,
        0.2668706120682623,
        0.256063597543051,
        0.2387399164367968,
        0.20815029520775866,
        0.16319612403402858,
        0.07931585777144794
      ],
      "expectation": -0.6133207544410167,
      "objective": 0.8066603772205083,
      "num_evals": 14,
      "converged": true,
      "seed_source": "output_file:results_k3_D6.json(p=9,10->scaled)"
    },
    "12": {
      "gammas": [
        -0.08892231605867523,
        -0.1620375996450758,
        -0.17592136232898523,
        -0.1827841482837244,
        -0.18587389740426305,
        -0.18830132170988753,
        -0.1915632089298646,
        -0.1969338554344019,
        -0.20644664430793883,
        -0.2209050643605018,
        -0.25126169367128287,
        -0.28394055929673884
      ],
      "betas": [
        0.381177852868242,
        0.309056210434699,
        0.28592525235707233,
        0.2783928475621091,
        0.2735545906670231,
        0.26900259441275803,
        0.26219170962577204,
        0.2505097803576887,
        0.23234591766897902,
        0.20086623368485873,
        0.15605707975945896,
        0.07491185867163264
      ],
      "expectation": -0.6216433994669086,
      "objective": 0.8108216997334543,
      "num_evals": 16,
      "converged": true,
      "seed_source": "output_file:results_k3_D6.json(p=10,11->scaled)"
    },