{
  "k": 2,
  "D": 3,
  "convention": "e^{-ig Z^k}",
  "results": {
    "1": {
      "gammas": [
        -0.30773985433491174
      ],
      "betas": [
        0.3926990815849794
      ],
      "expectation": -0.3849001794597506,
      "objective": 0.6924500897298753,
      "num_evals": 8,
      "converged": true,
      "seed_source": "angles_Dinf(p=1,g/sqrt(3))"
    },
    "2": {
      "gammas": [
        -0.24392145704373447,
        -0.4489311051215342
      ],
      "betas": [
        0.5549042409632672,
        0.29238047829157304
      ],
      "expectation": -0.5118129164271745,
      "objective": 0.7559064582135873,
      "num_evals": 14,
      "converged": true,
      "seed_source": "output_file:results_k2_D3.json(p=1->extrap)"
    },
    "3": {
      "gammas": [
        -0.21093757078474704,
        -0.3991740815036567,
        -0.46848240335177627
      ],
      "betas": [
        0.6090087995164593,
        0.45957926142402755,
        0.2356570890410703
      ],
      "expectation": -0.5847968427094359,
      "objective": 0.7923984213547179,
      "num_evals": 14,
      "converged": true,
      "seed_source": "output_file:results_k2_D3.json(p=1,2->scaled)"
    },
    "4": {
      "gammas": [
        -0.20437748986337145,
        -0.3902840697181896,
        -0.49400066969947404,
        -0.5784398623947454
      ],
      "betas": [
        0.5995589532162732,
        0.43433692681483344,
        0.2967494977699727,
        0.1590301237675914
      ],
      "expectation": -0.6337531288519876,
      "objective": 0.8168765644259939,
      "num_evals": 24,
      "converged": true,
      "seed_source": "output_file:results_k2_D3.json(p=2,3->scaled)"
    },
    "5": {
      "gammas": [
        -0.17962052824997987,
        -0.35304334423862155,
        -0.4110490340189282,
        -0.5020958196190413,
        -0.5769661737259829
      ],
      "betas": [
        0.6316533090299746,
        0.5225263283725853,
        0.3901528795181938,
        0.2760141067978184,
        0.14929869754515765
      ],
      "expectation": -0.672761649237735,
      "objective": 0.8363808246188675,
      "num_evals": 21,
      "converged": true,
      "seed_source": "output_file:results_k2_D3.json(p=3,4->scaled)"
    },
    "6": {
      "gammas": [
        -0.16570202944799006,
        -0.3227730224189332,
        -0.36577086344524057,
        -0.41843766716703135,
        -0.5052469132741234,
        -0.5638420642502552
      ],
      "betas": [
        0.635857606003453,
        0.5344129729673399,
        0.4633487286326406,
        0.36002735699563637,
        0.25851886059117013,
        0.13884593150088037
      ],
      "expectation": -0.6997942134964344,
      "objective": 0.8498971067482173,
      "num_evals": 18,
      "converged": true,
      "seed_source": "output_file:results_k2_D3.json(p=4,5->scaled)"
    },
    "7": {
      "gammas": [
        -0.15486419726147935,
        -0.30839782153808537,
        -0.3441107944311562,
        -0.3749694264735536,
        -0.42861805044733764,
        -0.5105689912804597,
        -0.5629996161128865
      ],
      "betas": [
        0.6475554361287743,
        0.5530410131119137,
        0.4892485530463424,
        0.44467592418911883,
        0.34065449929510755,
        0.24429163408961432,
        0.13120517565306827
      ],
      "expectation": -0.7195684232534061,
      "objective": 0.859784211626703,
      "num_evals": 20,
      "converged": true,
      "seed_source": "output_file:results_k2_D3.json(p=5,6->scaled)"
    },
    "8": {
      "gammas": [
        -0.14651868663299047,
        -0.2931009244649656,
        -0.3275849117284231,
        -0.3540560193888354,
        -0.38224802112153417,
        -0.4325503003319259,
        -0.5135699114916278,
        -0.5583569002180403
      ],
      "betas": [
        0.6492610477850189,
        0.5555332266807533,
        0.5011935015276592,
        0.4690607338341045,
        0.42026615576387355,
        0.31948028684083896,
        0.23088346410040514,
        0.12281658364437503
      ],
      "expectation": -0.7347851460174288,
      "objective": 0.8673925730087144,
      "num_evals": 22,
      "converged": true,
      "seed_source": "output_file:results_k2_D3.json(p=6,7->scaled)"
    },
    "9": {
      "gammas": [
        -0.1397025413385961,
        -0.2830950123590098,
        -0.31560992514386454,
        -0.33951136525699566,
        -0.36290771218462986,
        -0.38389987213987975,
        -0.43721403262975267,
        -0.518839974631371,
        -0.559175591614597
      ],
      "betas": [
        0.6545387065369422,
        0.5619269208204942,
        0.5089068372828036,
        0.4865226539293632,
        0.45125815708662187,
        0.4032177027558341,
        0.304745521692682,
        0.2198206417693311,
        0.11721492470375576
      ],
      "expectation": -0.7469483254185002,
      "objective": 0.8734741627092502,
      "num_evals": 19,
      "converged": true,
      "seed_source": "output_file:results_k2_D3.json(p=7,8->scaled)"
    },
    "10": {
      "gammas": [
        -0.13375614582545128,
        -0.2727687172768392,
        -0.30504537697302425,
        -0.3281591093280711,
        -0.3478842370779183,
        -0.36432243478134824,
        -0.3867569544460578,
        -0.4407002611287693,
        -0.5216322167926367,
        -0.5576843349883676
      ],
      "betas": [
        0.6556845884426646,
        0.5630127587901076,
        0.5136216583465514,
        0.4953305143480252,
        0.46847584783888974,
        0.43508897147192804,
        0.3875144767881647,
        0.2904617468828459,
        0.2099831109062141,
        0.11186947503490503
      ],
      "expectation": -0.7568265602841036,
      "objective": 0.8784132801420518,
      "num_evals": 16,
      "converged": true,
      "seed_source": "output_file:results_k2_D3.json(p=8,9->scaled)"
    },
    "11": {
      "gammas": [
        -0.12888465753567796,
        -0.26520074239035896,
        -0.2964980293634748,
        -0.3187553130569674,
        -0.33658279763646515,
        -0.3486703324879664,
        -0.3671358333115374,
        -0.3881740805756759,
        -0.44306590524524486,
        -0.5246528748623611,
        -0.5580129678162745
      ],
      "betas": [
        0.658799677851023,
        0.5657369492551844,
        0.5164608913911318,
        0.5019644659813116,
        0.4792566177132931,
        0.4549855809252852,
        0.4230366246946356,
        0.3746980334181077,
        0.27947015372636586,
        0.20198713755879447,
        0.1082921538628547
      ],
      "expectation": -0.7650210315974237,
      "objective": 0.8825105157987119,
      "num_evals": 19,
      "converged": true,
      "seed_source": "output_file:results_k2_D3.json(p=9,10->scaled)"
    },
    "12": {
      "gammas": [
        -0.12435525803094219,
        -0.25751557683906745,
        -0.2890817323538648,
        -0.3112619392321599,
        -0.32741536286279793,
        -0.33728177253331243,
        -0.3510980785692611,
        -0.36832057213515046,
        -0.389760147837503,
        -0.4455355944585601,
        -0.526671479008126,
        -0.5569152590898344
      ],
      "betas": [
        0.6595692718133813,
        0.5662694382657775,
        0.5188012031071815,
        0.5058419541574103,
        0.4860632152695548,
        0.4668724091230237,
        0.44373756641959744,
        0.4110335525479227,
        0.3632802557083985,
        0.2693712375327275,
        0.19488766015317946,
        0.10496101556523933
      ],
      "expectation": -0.7718873638117667,
      "objective": 0.8859436819058834,
      "num_evals": 18,
      "converged": true,
      "seed_source": "output_file:results_k2_D3.json(p=10,11->scaled)"
    },