{
  "k": 3,
  "D": 8,
  "convention": "e^{-ig Z^k}",
  "results": {
    "1": {
      "gammas": [
        -0.19010942089292432
      ],
      "betas": [
        0.28879111115988476
      ],
      "expectation": -0.24126138972857838,
      "objective": 0.6206306948642892,
      "num_evals": 9,
      "converged": true,
      "seed_source": "angles_Dinf(p=1,g/sqrt(8))"
    },
    "2": {
      "gammas": [
        -0.14504479471402584,
        -0.24002360478957227
      ],
      "betas": [
        0.3528955176004788,
        0.20851979307972815
      ],
      "expectation": -0.32946656653244916,
      "objective": 0.6647332832662246,
      "num_evals": 13,
      "converged": true,
      "seed_source": "output_file:results_k3_D8.json(p=1->extrap)"
    },
    "3": {
      "gammas": [
        -0.12439025027715134,
        -0.20664029248999197,
        -0.23524151068894086
      ],
      "betas": [
        0.3748177226520171,
        0.27753596981347606,
        0.17072900840984595
      ],
      "expectation": -0.3841255181112159,
      "objective": 0.692062759055608,
      "num_evals": 11,
      "converged": true,
      "seed_source": "output_file:results_k3_D8.json(p=1,2->scaled)"
    },
    "4": {
      "gammas": [
        -0.11163189145890803,
        -0.18696005132564147,
        -0.20726854337545972,
        -0.23381027101536525
      ],
      "betas": [
        0.38059603836884215,
        0.3006140229021111,
        0.24498526780377136,
        0.1461839627277879
      ],
      "expectation": -0.4213615214362292,
      "objective": 0.7106807607181146,
      "num_evals": 11,
      "converged": true,
      "seed_source": "output_file:results_k3_D8.json(p=2,3->scaled)"
    },
    "5": {
      "gammas": [
        -0.10275718864042094,
        -0.1746381842052039,
        -0.18871061087910987,
        -0.20708024124979535,
        -0.2329534443281099
      ],
      "betas": [
        0.38377499634287593,
        0.30922246566807393,
        0.2702815161765325,
        0.2243782165318746,
        0.1285144268611158
      ],
      "expectation": -0.4490540412609263,
      "objective": 0.7245270206304631,
      "num_evals": 13,
      "converged": true,
      "seed_source": "output_file:results_k3_D8.json(p=3,4->scaled)"
    },
    "6": {
      "gammas": [
        -0.09624064102887708,
        -0.16546994827280184,
        -0.17751435212873778,
        -0.18832924144547952,
        -0.20655684842494257,
        -0.23262811771363376
      ],
      "betas": [
        0.38489334210723725,
        0.31248551640550365,
        0.28121083985420486,
        0.25321870603177477,
        0.2081582566759565,
        0.11503552159814555
      ],
      "expectation": -0.47050537993865243,
      "objective": 0.7352526899693262,
      "num_evals": 15,
      "converged": true,
      "seed_source": "output_file:results_k3_D8.json(p=4,5->scaled)"
    },
    "7": {
      "gammas": [
        -0.09116430048669198,
        -0.15845006096329253,
        -0.16949619030884416,
        -0.17741326594492218,
        -0.18696595658273607,
        -0.20640135677400637,
        -0.23257377871165213
      ],
      "betas": [
        0.38507560245318784,
        0.3134873661458599,
        0.2857256052819672,
        0.26685120508177396,
        0.23993713740816008,
        0.19452948021204003,
        0.10433345839524094
      ],
      "expectation": -0.48768100844959755,
      "objective": 0.7438405042247987,
      "num_evals": 14,
      "converged": true,
      "seed_source": "output_file:results_k3_D8.json(p=5,6->scaled)"
    },
    "8": {
      "gammas": [
        -0.0870939719019744,
        -0.15279288377104525,
        -0.16336359464823738,
        -0.16992320972043665,
        -0.1760224136631636,
        -0.1858166744581362,
        -0.20666299727185472,
        -0.23278596876802227
      ],
      "betas": [
        0.3847377099444944,
        0.3132186618037995,
        0.2873346175240967,
        0.27339861318645636,
        0.2559423495990422,
        0.22861693640625164,
        0.18269445906330029,
        0.0955888483594819
      ],
      "expectation": -0.5017870726085816,
      "objective": 0.7508935363042908,
      "num_evals": 13,
      "converged": true,
      "seed_source": "output_file:results_k3_D8.json(p=6,7->scaled)"
    },
    "9": {
      "gammas": [
        -0.08370740763876576,
        -0.1480566397827716,
        -0.15848325722114964,
        -0.16430851564037785,
        -0.16859804557758265,
        -0.17461971438588203,
        -0.18507497318466687,
        -0.2072673841142713,
        -0.2331716226226341
      ],
      "betas": [
        0.3840033505024219,
        0.3123211220949033,
        0.28750667099795885,
        0.2762315417210089,
        0.2644152220780481,
        0.24671127245342614,
        0.21853116412104157,
        0.17226406658050936,
        0.08826324208005666
      ],
      "expectation": -0.5136057172168315,
      "objective": 0.7568028586084157,
      "num_evals": 14,
      "converged": true,
      "seed_source": "output_file:results_k3_D8.json(p=7,8->scaled)"
    },
    "10": {
      "gammas": [
        -0.08085222544731147,
        -0.14401919183824488,
        -0.15441308186452396,
        -0.15988798497307222,
        -0.1631435121538642,
        -0.1670161659624234,
        -0.1735415227814985,
        -0.1847765256630705,
        -0.20810454576319048,
        -0.2336134257546312
      ],
      "betas": [
        0.3830979913165536,
        0.3110518538518972,
        0.28683930735594126,
        0.27723332254791444,
        0.26852165892410673,
        0.2570934662482564,
        0.23839612802163068,
        0.20946454081683447,
        0.16300625857486295,
        0.08209053372777762
      ],
      "expectation": -0.5236676968766735,
      "objective": 0.7618338484383367,
      "num_evals": 16,
      "converged": true,
      "seed_source": "output_file:results_k3_D8.json(p=8,9->scaled)"
    },
    "11": {
      "gammas": [
        -0.07839627262079094,
        -0.14051787613309635,
        -0.1509593290330762,
        -0.15626216380083716,
        -0.15890718418225985,
        -0.1615624266558953,
        -0.1656637589413957,
        -0.17287293065669496,
        -0.18473054660559243,
        -0.2090666426110985,
        -0.23416302544217374
      ],
      "betas": [
        0.38214575024345654,
        0.3096150459802509,
        0.28572132250970594,
        0.2770815412890614,
        0.27031249382215733,
        0.2624896357611536,
        0.25053868747965125,
        0.2305517107825741,
        0.20095447216317427,
        0.15465844644158575,
        0.07672072384166989
      ],
      "expectation": -0.5323476374471475,
      "objective": 0.7661738187235738,
      "num_evals": 15,
      "converged": true,
      "seed_source": "output_file:results_k3_D8.json(p=9,10->scaled)"
    },
    "12": {
      "gammas": [
        -0.07628753716489685,
        -0.13746283811237903,
        -0.14796172759762388,
        -0.15321375823347924,
        -0.15547632322950275,
        -0.157387981531988,
        -0.16008762240487337,
        -0.16460540178921723,
        -0.17255181988309884,
        -0.18498490341917492,
        -0.21013325634332394,
        -0.234754261392131
      ],
      "betas": [
        0.3811798516979818,
        0.3080403010866206,
        0.28440846430128786,
        0.2763515084139535,
        0.27078431790376306,
        0.2652657222864143,
        0.2571958260827908,
        0.24437456155369153,
        0.2231545211110471,
        0.19308038090883062,
        0.14711897819700004,
        0.07206785461485558
      ],
      "expectation": -0.5399192087989098,
      "objective": 0.7699596043994549,
      "num_evals": 15,
      "converged": true,
      "seed_source": "output_file:results_k3_D8.json(p=10,11->scaled)"
    },