{
    "20": -0.0020854805076643726,
    "21": -0.005237446077615809,
    "22": 0.02327464588718631,
    "23": 0.018787118798924245,
    "24": 0.0022674075843180097,
    "25": 0.006988956814187909,
    "26": 0.027359451864446244,
    "27": -0.002286725010793684,
    "28": 0.005202682558470596,
    "29": 0.013204782031897405,
    "30": 0.005319884503282391
}