{"10": 1.4886635789273952, "11": 1.4631525659206739, "12": 1.4286857097107195, "13": 1.4019893759783146, "14": 1.3713408205195767, "15": 1.3481174108304979, "16": 1.3254796719325892, "17": 1.306364297133535, "18": 1.2903631554389248, "19": 1.2755805012841674, "20": 1.262605298098836, "21": 1.2509114331972269, "22": 1.2403020154785693, "23": 1.2305187063559533, "24": 1.221552383714565, "25": 1.2132622064317793, "26": 1.2056236071132398, "27": 1.1985233084039888, "28": 1.191935550948165, "29": 1.1857662187848257, "30": 1.1800060000078536, "31": 1.1746093182529462, "32": 1.1695429166165832, "33": 1.1647657754936025}