{
    "0":{
        "overlap transferred":0.000272671,
        "merit factor transferred":1.9318673303,
        "N":32,
        "p":14,
        "beta":[
            -0.1989725,
            -0.15653154,
            -0.14594962,
            -0.14564661,
            -0.14792889,
            -0.1501827,
            -0.15421121,
            -0.15724485,
            -0.16072341,
            -0.16398025,
            -0.16952787,
            -0.17496624,
            -0.1669671,
            -0.10297342
        ],
        "gamma":[
            0.0087354747,
            0.0195230291,
            0.0251371288,
            0.027817465,
            0.0287115556,
            0.0294102322,
            0.0297752709,
            0.0305793953,
            0.0311521694,
            0.031887765,
            0.0331064125,
            0.0355284219,
            0.0397463631,
            0.0447050547
        ]
    },
    "1":{
        "overlap transferred":0.0003451063,
        "merit factor transferred":1.9423301495,
        "N":32,
        "p":16,
        "beta":[
            -0.1983967895,
            -0.1532564797,
            -0.1430316952,
            -0.1415061159,
            -0.1425163882,
            -0.1454420083,
            -0.1481786541,
            -0.1507864336,
            -0.1540851037,
            -0.1573073658,
            -0.1596930846,
            -0.1635171779,
            -0.1677691599,
            -0.1714966631,
            -0.1588977798,
            -0.0951894979
        ],
        "gamma":[
            0.0084011162,
            0.0185032749,
            0.0241409768,
            0.0269961436,
            0.027922229,
            0.0284878011,
            0.0289806025,
            0.0294582557,
            0.0299100014,
            0.0304271724,
            0.0307974716,
            0.0315724358,
            0.0329136852,
            0.0353134647,
            0.0392882668,
            0.044562871
        ]
    },
    "2":{
        "overlap transferred":0.000138009,
        "merit factor transferred":1.9280646117,
        "N":33,
        "p":14,
        "beta":[
            -0.1989725,
            -0.15653154,
            -0.14594962,
            -0.14564661,
            -0.14792889,
            -0.1501827,
            -0.15421121,
            -0.15724485,
            -0.16072341,
            -0.16398025,
            -0.16952787,
            -0.17496624,
            -0.1669671,
            -0.10297342
        ],
        "gamma":[
            0.0084707633,
            0.0189314221,
            0.0243753976,
            0.0269745115,
            0.0278415085,
            0.028519013,
            0.02887299,
            0.029652747,
            0.0302081642,
            0.0309214691,
            0.0321031879,
            0.034451803,
            0.0385419279,
            0.0433503561
        ]
    }
}