{
    "0":{
        "overlap transferred":0.0002757662,
        "merit factor transferred":1.9243352926,
        "N":32,
        "p":14,
        "beta":[
            -0.1990647123,
            -0.156539994,
            -0.1462468717,
            -0.145723219,
            -0.1481923602,
            -0.1504850181,
            -0.1542845212,
            -0.1576793371,
            -0.1613012443,
            -0.1649330371,
            -0.1697251004,
            -0.1755439213,
            -0.1659288848,
            -0.1024338722
        ],
        "gamma":[
            0.0087256274,
            0.0194664024,
            0.0251215504,
            0.0278358873,
            0.0287626396,
            0.0295138797,
            0.0298772441,
            0.0306318117,
            0.0311598346,
            0.0318632981,
            0.0330341755,
            0.0354990139,
            0.0395261208,
            0.044431604
        ]
    },
    "1":{
        "overlap transferred":0.0001404764,
        "merit factor transferred":1.920610606,
        "N":33,
        "p":14,
        "beta":[
            -0.1990647123,
            -0.156539994,
            -0.1462468717,
            -0.145723219,
            -0.1481923602,
            -0.1504850181,
            -0.1542845212,
            -0.1576793371,
            -0.1613012443,
            -0.1649330371,
            -0.1697251004,
            -0.1755439213,
            -0.1659288848,
            -0.1024338722
        ],
        "gamma":[
            0.0084612145,
            0.0188765114,
            0.0243602913,
            0.0269923756,
            0.0278910445,
            0.0286195197,
            0.0289718731,
            0.029703575,
            0.0302155972,
            0.0308977436,
            0.0320331399,
            0.0344232862,
            0.0383283596,
            0.0430851918
        ]
    }
}