{"0":{"n":3,"CPLEX_TTS_process_time":0.017046699,"CPLEX_TTS_clock_time":0.0173783302,"CPLEX_TTO_process_time":0.014582212,"CPLEX_TTO_clock_time":0.0125370026},"1":{"n":4,"CPLEX_TTS_process_time":0.093199218,"CPLEX_TTS_clock_time":0.0340387821,"CPLEX_TTO_process_time":0.04556681,"CPLEX_TTO_clock_time":0.0167918205},"2":{"n":5,"CPLEX_TTS_process_time":0.089479967,"CPLEX_TTS_clock_time":0.0377213955,"CPLEX_TTO_process_time":0.175048618,"CPLEX_TTO_clock_time":0.0441944599},"3":{"n":6,"CPLEX_TTS_process_time":0.150721578,"CPLEX_TTS_clock_time":0.0545547009,"CPLEX_TTO_process_time":0.232471347,"CPLEX_TTO_clock_time":0.0512325764},"4":{"n":7,"CPLEX_TTS_process_time":0.273129386,"CPLEX_TTS_clock_time":0.0655765533,"CPLEX_TTO_process_time":0.441193039,"CPLEX_TTO_clock_time":0.0874333382},"5":{"n":8,"CPLEX_TTS_process_time":0.241619753,"CPLEX_TTS_clock_time":0.069116354,"CPLEX_TTO_process_time":0.337471472,"CPLEX_TTO_clock_time":0.0844290257},"6":{"n":9,"CPLEX_TTS_process_time":0.255162107,"CPLEX_TTS_clock_time":0.0683953762,"CPLEX_TTO_process_time":0.256066023,"CPLEX_TTO_clock_time":0.0755007267},"7":{"n":10,"CPLEX_TTS_process_time":0.387539105,"CPLEX_TTS_clock_time":0.1232013702,"CPLEX_TTO_process_time":0.717763285,"CPLEX_TTO_clock_time":0.1808354855},"8":{"n":11,"CPLEX_TTS_process_time":0.289458569,"CPLEX_TTS_clock_time":0.0820970535,"CPLEX_TTO_process_time":0.167562204,"CPLEX_TTO_clock_time":0.0439312458},"9":{"n":12,"CPLEX_TTS_process_time":0.436826772,"CPLEX_TTS_clock_time":0.1234385967,"CPLEX_TTO_process_time":0.294807978,"CPLEX_TTO_clock_time":0.0766844749},"10":{"n":13,"CPLEX_TTS_process_time":0.457857916,"CPLEX_TTS_clock_time":0.1099457741,"CPLEX_TTO_process_time":0.495507269,"CPLEX_TTO_clock_time":0.1033432484},"11":{"n":14,"CPLEX_TTS_process_time":0.544967949,"CPLEX_TTS_clock_time":0.1274836063,"CPLEX_TTO_process_time":2.297233221,"CPLEX_TTO_clock_time":0.3552708626},"12":{"n":15,"CPLEX_TTS_process_time":0.984218962,"CPLEX_TTS_clock_time":0.1913518906,"CPLEX_TTO_process_time":1.984296024,"CPLEX_TTO_clock_time":0.3232412338},"13":{"n":16,"CPLEX_TTS_process_time":1.363333413,"CPLEX_TTS_clock_time":0.2955391407,"CPLEX_TTO_process_time":6.430475833,"CPLEX_TTO_clock_time":0.8933956623},"14":{"n":17,"CPLEX_TTS_process_time":2.000886055,"CPLEX_TTS_clock_time":0.436098814,"CPLEX_TTO_process_time":15.021207576,"CPLEX_TTO_clock_time":2.0767509937},"15":{"n":18,"CPLEX_TTS_process_time":11.344013997,"CPLEX_TTS_clock_time":1.8619418144,"CPLEX_TTO_process_time":20.638444745,"CPLEX_TTO_clock_time":2.8093862534},"16":{"n":19,"CPLEX_TTS_process_time":12.884187435,"CPLEX_TTS_clock_time":1.8529543877,"CPLEX_TTO_process_time":85.268250007,"CPLEX_TTO_clock_time":11.4929819107},"17":{"n":20,"CPLEX_TTS_process_time":7.496026512,"CPLEX_TTS_clock_time":1.1555395126,"CPLEX_TTO_process_time":105.853201263,"CPLEX_TTO_clock_time":14.3511769772},"18":{"n":21,"CPLEX_TTS_process_time":213.640491945,"CPLEX_TTS_clock_time":28.5224893093,"CPLEX_TTO_process_time":196.078780228,"CPLEX_TTO_clock_time":26.2789690495},"19":{"n":22,"CPLEX_TTS_process_time":279.142997059,"CPLEX_TTS_clock_time":36.9627699852,"CPLEX_TTO_process_time":392.245481503,"CPLEX_TTO_clock_time":50.873742342},"20":{"n":23,"CPLEX_TTS_process_time":101.830615808,"CPLEX_TTS_clock_time":14.6255111694,"CPLEX_TTO_process_time":771.636225705,"CPLEX_TTO_clock_time":99.2341003418},"21":{"n":24,"CPLEX_TTS_process_time":602.458368051,"CPLEX_TTS_clock_time":77.7081468105,"CPLEX_TTO_process_time":1086.903447592,"CPLEX_TTO_clock_time":143.1039927006},"22":{"n":25,"CPLEX_TTS_process_time":1555.293415977,"CPLEX_TTS_clock_time":199.4639956951,"CPLEX_TTO_process_time":2008.594016413,"CPLEX_TTO_clock_time":260.0487167835},"23":{"n":26,"CPLEX_TTS_process_time":1023.401200611,"CPLEX_TTS_clock_time":133.5282320976,"CPLEX_TTO_process_time":3525.649571712,"CPLEX_TTO_clock_time":455.0621345043},"24":{"n":27,"CPLEX_TTS_process_time":3285.659131308,"CPLEX_TTS_clock_time":434.4891178608,"CPLEX_TTO_process_time":4781.956374159,"CPLEX_TTO_clock_time":608.2274787426},"25":{"n":28,"CPLEX_TTS_process_time":2827.360528065,"CPLEX_TTS_clock_time":368.9334440231,"CPLEX_TTO_process_time":8725.304000565,"CPLEX_TTO_clock_time":1105.6893320084},"26":{"n":29,"CPLEX_TTS_process_time":218.603450794,"CPLEX_TTS_clock_time":30.1753501892,"CPLEX_TTO_process_time":13958.797570654,"CPLEX_TTO_clock_time":1767.8968365192},"27":{"n":30,"CPLEX_TTS_process_time":2224.484651883,"CPLEX_TTS_clock_time":295.3189764023,"CPLEX_TTO_process_time":21935.021807398,"CPLEX_TTO_clock_time":2775.0097174644},"28":{"n":31,"CPLEX_TTS_process_time":9560.854025002,"CPLEX_TTS_clock_time":1246.3955256939,"CPLEX_TTO_process_time":36628.532797483,"CPLEX_TTO_clock_time":4656.8860940933},"29":{"n":32,"CPLEX_TTS_process_time":18769.120156221,"CPLEX_TTS_clock_time":2413.7492759228,"CPLEX_TTO_process_time":66089.883596849,"CPLEX_TTO_clock_time":8350.5025582314},"30":{"n":33,"CPLEX_TTS_process_time":43314.103441006,"CPLEX_TTS_clock_time":5577.7695884705,"CPLEX_TTO_process_time":152209.887845987,"CPLEX_TTO_clock_time":19208.3134696484},"31":{"n":34,"CPLEX_TTS_process_time":28067.736771479,"CPLEX_TTS_clock_time":3641.8064310551,"CPLEX_TTO_process_time":210836.965835408,"CPLEX_TTO_clock_time":26688.306542635},"32":{"n":35,"CPLEX_TTS_process_time":83660.905519025,"CPLEX_TTS_clock_time":10600.3616402149,"CPLEX_TTO_process_time":498647.003732205,"CPLEX_TTO_clock_time":62930.311781168},"33":{"n":36,"CPLEX_TTS_process_time":254264.634019312,"CPLEX_TTS_clock_time":32314.1359376907,"CPLEX_TTO_process_time":1481202.3873778649,"CPLEX_TTO_clock_time":188633.2754900455},"34":{"n":37,"CPLEX_TTS_process_time":210497.665648662,"CPLEX_TTS_clock_time":28325.5301983356,"CPLEX_TTO_process_time":1133367.093475794,"CPLEX_TTO_clock_time":147038.0885362625},"35":{"n":38,"CPLEX_TTS_process_time":66871.684308112,"CPLEX_TTS_clock_time":8875.3767006397,"CPLEX_TTO_process_time":1921890.1074317666,"CPLEX_TTO_clock_time":249185.72117996216},"36":{"n":39,"CPLEX_TTS_process_time":451815.454067261,"CPLEX_TTS_clock_time":58247.4784243107,"CPLEX_TTO_process_time":3779509.7354802787,"CPLEX_TTO_clock_time":491592.7912940979},"37":{"n":40,"CPLEX_TTS_process_time":741426.8047194311,"CPLEX_TTS_clock_time":96472.3049829006,"CPLEX_TTO_process_time":null,"CPLEX_TTO_clock_time":null}}