{
    "0":{
        "overlap transferred":0.0000258428,
        "merit factor transferred":1.9194727531,
        "N":32,
        "p":5,
        "beta":[
            -0.2008793939,
            -0.1781247651,
            -0.1826462164,
            -0.1996612683,
            -0.146705955
        ],
        "gamma":[
            0.0133282268,
            0.0275269536,
            0.034281964,
            0.0388842827,
            0.0444118314
        ]
    },
    "1":{
        "overlap transferred":0.0003164116,
        "merit factor transferred":3.8156954101,
        "N":32,
        "p":14,
        "beta":[
            -0.1989725006,
            -0.1565315385,
            -0.1459496195,
            -0.1456466092,
            -0.1479288855,
            -0.1501826995,
            -0.1542112132,
            -0.1572448542,
            -0.1607234058,
            -0.1639802463,
            -0.1695278675,
            -0.1749662371,
            -0.1669671025,
            -0.1029734203
        ],
        "gamma":[
            0.0087354748,
            0.0195230289,
            0.0251371288,
            0.0278174649,
            0.0287115556,
            0.0294102322,
            0.0297752709,
            0.0305793953,
            0.0311521695,
            0.031887765,
            0.0331064124,
            0.0355284219,
            0.0397463632,
            0.0447050548
        ]
    },
    "2":{
        "overlap transferred":0.0003073257,
        "merit factor transferred":1.9291344408,
        "N":32,
        "p":15,
        "beta":[
            -0.1993230575,
            -0.1552908237,
            -0.1450117426,
            -0.1428710174,
            -0.1457032117,
            -0.1480516203,
            -0.1505890225,
            -0.1542482596,
            -0.1570767624,
            -0.1603420396,
            -0.1644350212,
            -0.168977135,
            -0.1740443465,
            -0.1644566788,
            -0.098404106
        ],
        "gamma":[
            0.0085771671,
            0.0190645411,
            0.0247794894,
            0.0275540579,
            0.0283920478,
            0.0290175412,
            0.029331735,
            0.0298883276,
            0.0305151811,
            0.031032453,
            0.0317456187,
            0.033119701,
            0.0355419359,
            0.0397492806,
            0.0447803062
        ]
    },
    "3":{
        "overlap transferred":0.0003421058,
        "merit factor transferred":1.9536444431,
        "N":32,
        "p":16,
        "beta":[
            -0.1985906638,
            -0.1531088212,
            -0.1426560202,
            -0.140845277,
            -0.1417504718,
            -0.1443882793,
            -0.147330544,
            -0.1501472215,
            -0.1532516556,
            -0.1567470705,
            -0.1586979848,
            -0.1631624669,
            -0.1671891702,
            -0.1714581024,
            -0.1599612629,
            -0.0956727436
        ],
        "gamma":[
            0.0084411543,
            0.0185359119,
            0.0241783829,
            0.0269992413,
            0.0279272358,
            0.0284031868,
            0.0288667814,
            0.0293240142,
            0.0297778599,
            0.0303232026,
            0.0307041236,
            0.0315535451,
            0.0329087627,
            0.0352922131,
            0.0394261768,
            0.0447924692
        ]
    },
    "4":{
        "overlap transferred":0.0000191822,
        "merit factor transferred":1.9153878538,
        "N":33,
        "p":5,
        "beta":[
            -0.2008793939,
            -0.1781247651,
            -0.1826462164,
            -0.1996612683,
            -0.146705955
        ],
        "gamma":[
            0.0129243411,
            0.0266928035,
            0.0332431166,
            0.0377059711,
            0.0430660183
        ]
    },
    "5":{
        "overlap transferred":0.0001615167,
        "merit factor transferred":4.647480053,
        "N":33,
        "p":14,
        "beta":[
            -0.1989725006,
            -0.1565315385,
            -0.1459496195,
            -0.1456466092,
            -0.1479288855,
            -0.1501826995,
            -0.1542112132,
            -0.1572448542,
            -0.1607234058,
            -0.1639802463,
            -0.1695278675,
            -0.1749662371,
            -0.1669671025,
            -0.1029734203
        ],
        "gamma":[
            0.0084707634,
            0.018931422,
            0.0243753976,
            0.0269745114,
            0.0278415085,
            0.028519013,
            0.02887299,
            0.029652747,
            0.0302081643,
            0.0309214691,
            0.0321031877,
            0.034451803,
            0.0385419279,
            0.0433503562
        ]
    },
    "6":{
        "overlap transferred":0.0001566088,
        "merit factor transferred":1.9324896318,
        "N":33,
        "p":15,
        "beta":[
            -0.1993230575,
            -0.1552908237,
            -0.1450117426,
            -0.1428710174,
            -0.1457032117,
            -0.1480516203,
            -0.1505890225,
            -0.1542482596,
            -0.1570767624,
            -0.1603420396,
            -0.1644350212,
            -0.168977135,
            -0.1740443465,
            -0.1644566788,
            -0.098404106
        ],
        "gamma":[
            0.008317253,
            0.0184868278,
            0.0240285958,
            0.0267190865,
            0.0275316827,
            0.0281382218,
            0.0284428946,
            0.0289826207,
            0.0295904787,
            0.0300920756,
            0.0307836303,
            0.0321160737,
            0.0344649075,
            0.038544757,
            0.0434233272
        ]
    },
    "7":{
        "overlap transferred":0.0001751847,
        "merit factor transferred":1.9509519864,
        "N":33,
        "p":16,
        "beta":[
            -0.1985906638,
            -0.1531088212,
            -0.1426560202,
            -0.140845277,
            -0.1417504718,
            -0.1443882793,
            -0.147330544,
            -0.1501472215,
            -0.1532516556,
            -0.1567470705,
            -0.1586979848,
            -0.1631624669,
            -0.1671891702,
            -0.1714581024,
            -0.1599612629,
            -0.0956727436
        ],
        "gamma":[
            0.0081853617,
            0.0179742176,
            0.0234457046,
            0.0261810825,
            0.0270809559,
            0.0275424842,
            0.0279920305,
            0.0284354077,
            0.0288755005,
            0.0294043176,
            0.0297736957,
            0.0305973771,
            0.0319115274,
            0.0342227521,
            0.0382314442,
            0.0434351217
        ]
    },
    "8":{
        "overlap transferred":0.0000679552,
        "merit factor transferred":1.9340214869,
        "N":34,
        "p":14,
        "beta":[
            -0.1989725006,
            -0.1565315385,
            -0.1459496195,
            -0.1456466092,
            -0.1479288855,
            -0.1501826995,
            -0.1542112132,
            -0.1572448542,
            -0.1607234058,
            -0.1639802463,
            -0.1695278675,
            -0.1749662371,
            -0.1669671025,
            -0.1029734203
        ],
        "gamma":[
            0.0082216233,
            0.0183746154,
            0.0236584742,
            0.0261811435,
            0.0270226406,
            0.0276802185,
            0.0280237844,
            0.0287806074,
            0.0293196889,
            0.0300120141,
            0.0311589763,
            0.0334385147,
            0.0374083418,
            0.0420753457
        ]
    },
    "9":{
        "overlap transferred":0.0000825045,
        "merit factor transferred":2.0340746616,
        "N":34,
        "p":16,